species,traits,group,Dim.1,Dim.2,Dim.3,Dim.4,Dim.5,Dim.6,Dim.7,Dim.8,Dim1_scaled_12,Dim2_scaled_12,Dim1_scaled_13,Dim3_scaled_13,Dim2_scaled_23,Dim3_scaled_23
Eragrostis capensis,LT,Leaf,-0.8502012113778961,0.3286309609379252,0.20462695640886308,0.074808327638423,-0.03634500763050896,-0.1773980029257839,-0.21452624043103008,0.17716068090862466,-2.163503594292168,0.8362658811466557,-1.4817243863039102,0.35662234697921813,0.572735609405968,0.35662234697921813
Eragrostis capensis,LDMC,Leaf,-0.10926053894446436,0.8212552348104402,-0.11854153723692103,-0.26170703411508484,-0.021552513989854236,0.39500626922716586,0.19950184731656898,-0.1253873584978106,-0.2780348528762326,2.08984488444101,-0.19041845959304632,-0.20659331480983756,1.4312775523175525,-0.20659331480983756
Eragrostis capensis,SLA,Leaf,0.654910413902139,-0.6243319031818768,-0.09597215668022302,-0.11987682971868752,0.17030901165244106,-0.08443404064518982,0.17397205344001726,0.231013379999613,1.6665478894346897,-1.5887348765078197,1.1413730280982466,-0.16725956521374497,-1.088081025658451,-0.16725956521374497
Eragrostis capensis,BI,Roots,-0.5349083063017224,-0.04704604497291209,0.6307820050752603,0.3697714564529931,0.09326820263556974,0.36893255864681085,-0.07811759259251459,0.12850576857815615,-1.3611790101133225,-0.11971788093687552,-0.9322342420557854,1.0993222155575835,-0.08199149940346305,1.0993222155575835
Eragrostis capensis,RD,Roots,0.6517558813195343,-0.2016963592142937,0.7115407036790369,0.06616954831322734,0.05200002581493965,0.07481007388624188,0.0675719533666386,-0.0840882906328648,1.6585205630918864,-0.5132559119841236,1.1358753320323232,1.240067878497125,-0.35151492385218003,1.240067878497125
Eragrostis capensis,RDMC,Roots,-0.630108919856286,0.3926123921064057,0.20460097461237028,0.24158617368194926,-0.009779938609017661,-0.32141129868837887,0.49122223906974005,0.049711130035135685,-1.6034356275442878,0.9990791710461427,-1.098149167613558,0.356577066096354,0.6842419746807462,0.356577066096354
Eragrostis capensis,RTD,Roots,0.35746222302829145,0.7259635933639025,0.22316233752147863,-0.34132685029830745,-0.15655566335718876,-0.3277859194626838,-0.17303313961537875,-0.020168862837399718,0.9096326775305317,1.8473566287003937,0.62298251984965,0.3889256721644278,1.265203984022547,0.3889256721644278
Eragrostis capensis,SRL,Roots,-0.6916540041948899,-0.19993745372396549,-0.6751670996207875,0.09243344611173192,0.008657553367812562,0.10254230172136763,-0.01799112264830754,0.0661967894282432,-1.7600491554899689,-0.508780032275392,-1.2054094856432707,-1.1766762302265656,-0.3484495163658753,-1.1766762302265656
Eragrostis capensis,VHeight,Plant size,0.6719251262126126,0.598435399315334,-0.11042153708851635,0.02460035633657251,-0.19012483652866016,0.16725360966725553,0.023619820838780024,0.31606819578222617,1.7098451592420305,1.5228361475421612,1.1710261429362214,-0.19244183857613129,1.0429487901528316,-0.19244183857613129
Eragrostis capensis,RDepth,Plant size,0.5154282225850669,0.10681753904296316,-0.20603859127805133,0.7495228969398973,-0.3115251389547719,-0.05043646638527339,-0.028082800425332732,-0.09801309765708115,1.311608119629889,0.27181816087789107,0.8982844961557168,-0.3590825337941055,0.18616081742393462,-0.3590825337941055
Eragrostis capensis,BG:AG,Plant size,0.343962784712014,0.6012365947270162,-0.17350487057820263,0.2878911618357826,0.6289186158722772,-0.07169060472942937,-0.07782035966546942,-0.017925350515526437,0.8752807112814386,1.5299643382108938,0.5994557985430357,-0.3023830058552543,1.0478306928092223,-0.3023830058552543
Harpochloa falx,LT,Leaf,-0.5657444583487846,0.10340714204061358,0.21046575542031315,0.6717673486419286,0.1808753269073979,0.32228964923483394,0.1696987720929053,-0.04499377347660125,-1.4321853976068244,0.26177578348901503,-1.2534848150648767,0.4663158862934491,0.2291127741586378,0.4663158862934491
Harpochloa falx,LDMC,Leaf,0.5960690977199335,0.6112134229856807,-0.21249976704701232,0.2926432368792041,0.10942099630691556,-0.23127883113420317,-0.06791461832202277,0.20034768848332032,1.5089523991286977,1.5472903469108383,1.3206732327561366,-0.47082251936798997,1.3542275724847535,-0.47082251936798997
Harpochloa falx,SLA,Leaf,-0.3468127490132185,-0.8451361692910365,0.13371311678249387,-0.25448852639944775,-0.14480441938990082,0.013648472803608081,0.06899297928728837,0.04141578773561469,-0.8779584978884473,-2.1394671441956548,-0.7684114411439195,0.2962598377915029,-1.8725156547893371,0.2962598377915029
Harpochloa falx,BI,Roots,0.1010482469303367,-0.5245777977967738,0.5512719486639687,0.18088516287285514,0.13178204440529387,-0.495438856508046,0.2294408774651574,0.22193542909248792,0.2558042267524542,-1.3279717561989954,0.22388631695268857,1.2214189753415081,-1.1622744052634555,1.2214189753415081
Harpochloa falx,RD,Roots,-0.5872218034221003,-0.5051815005045711,-0.513720666133042,0.21715892833153053,0.11550124147423393,0.13506863197493138,0.03235330481529326,0.19063859426004426,-1.4865554219869876,-1.2788699164202881,-1.30107083295692,-1.138218933796057,-1.1192992355283045,-1.138218933796057
Harpochloa falx,RDMC,Roots,-0.25375540477926883,0.4774664990976121,0.06216253855981268,-0.4191584767897261,0.6147389228048745,-0.11730539592766102,0.33796614614309156,-0.12740359206034144,-0.6423832879413278,1.20870922863282,-0.5622300703745604,0.13772967105684325,1.057892830391752,0.13772967105684325
Harpochloa falx,RTD,Roots,-0.7876460020359779,0.40708591797804344,-0.0461770449380974,-0.359943470021375,0.18770782162843433,0.0038969038749842415,-0.12545996355601513,0.12776683840345282,-1.9939304503162636,1.0305403768358021,-1.7451382662770687,-0.10231160691067487,0.9019549534811976,-0.10231160691067487
Harpochloa falx,SRL,Roots,0.8958536541912203,-6.670953998510397e-4,0.2944865895932555,0.1523053494478858,-0.19429044604928591,-0.047032524128686935,0.08615994139206985,-0.19705463879457355,2.267858753172948,-0.001688755897434408,1.9848872321729003,0.6524756236636695,-0.0014780417935572464,0.6524756236636695
Harpochloa falx,VHeight,Plant size,-0.40465277389866583,0.6585040140262174,0.15030481241632657,-0.12325700599877186,-0.5363491363274957,0.07485981301173585,0.2381280877581892,0.11799801620123908,-1.0243808584006966,1.6670067540854316,-0.8965639874516469,0.33302102603873407,1.459006394247795,0.33302102603873407
Harpochloa falx,RDepth,Plant size,0.7194404641220551,-0.20845428553760087,-0.5540481134508619,-0.0976592277449774,-0.017860274729783358,0.14548078617160368,0.3082382777626344,0.037230166048491393,1.8212677330863993,-0.5277032402347646,1.594019497340359,-1.2275699510216678,-0.4618591975592826,-1.2275699510216678
Harpochloa falx,BG:AG,Plant size,0.6951289522115369,2.1979218505341682e-6,0.4377534197755,-0.21094778947268986,0.19260424170296533,0.4569735795989975,-0.058908992938761284,0.1749010319895774,1.759722998819603,5.5640519901926275e-6,1.5401539922321923,0.9699030301292367,4.869798764595875e-6,0.9699030301292367
Themeda triandra,LT,Leaf,-0.548897500140266,0.7314049223298922,-0.04622313608478937,0.09746663691239613,0.05998378065231455,0.3059728776244557,-0.10489051573741566,-0.12144947995705478,-1.4195082995434658,1.89149223180815,-1.655657427339602,-0.13942435255062047,1.89149223180815,-0.11953802902457827
Themeda triandra,LDMC,Leaf,0.6531901188420216,0.12132057905878815,0.6200885719037903,0.008883504876427683,0.20313554283555105,-0.24311271066724813,-0.20370627626656485,0.12976748795351573,1.6892202909269807,0.31374813846913274,1.9702386537546135,1.8703933783968132,0.31374813846913274,1.6036161105571674
Themeda triandra,SLA,Leaf,0.6839585861758405,-0.47624301214649617,-0.033059006666239184,-0.23046245749946465,0.3566181953061131,0.16324208196624565,0.2602942116819792,-0.10408168191714672,1.7687908751133303,-1.231615935887442,2.0630465850278936,-0.09971695974829804,-1.231615935887442,-0.08549416662564024
Themeda triandra,BI,Roots,0.6861335095635266,0.3208353341497129,0.01164782034408573,0.0010469890909293369,-0.5720558043050573,0.19518735973325052,0.0046078916881305415,0.10458298694645787,1.7744154622154809,0.8297148729880129,2.06960687735897,0.03513370029937246,0.8297148729880129,0.030122523141015867
Themeda triandra,RD,Roots,0.49163000219690917,-0.313449794772403,-0.3837492834787885,0.6192121077536751,0.06924290436288635,0.2048335339369059,0.042404364614049776,0.2672629406625717,1.2714083562864644,-0.8106150693998796,1.4829196059961913,-1.1575154765061721,-0.8106150693998796,-0.9924171502016245
Themeda triandra,RDMC,Roots,0.3695153628430355,0.45576212011788353,0.3576608750515462,-0.5823388638176484,-0.16198334485310437,0.21628920540499338,0.2360567254101952,0.17905646810416598,0.9556066920152944,1.1786501340587945,1.1145812375731752,1.078824159513482,1.1786501340587945,0.9249497045038635
Themeda triandra,RTD,Roots,0.7683274403206075,0.3331244095080151,0.3643782048846278,0.1046406995931898,0.16378398631159002,0.21084999788767927,-0.11861211974273082,-0.2050208716790743,1.9869778565640834,0.8614957509485927,2.317531110763973,1.099085860518113,0.8614957509485927,0.942321445942645
Themeda triandra,SRL,Roots,-0.8575331327768567,-0.10179466760542336,-0.08423907915550527,-0.4082483271928569,-0.12007471253617252,-0.22843830642841145,0.051111677676649044,0.005134934228905592,-2.2176734250004655,-0.2632520196908194,-2.5866051496116986,-0.25409308120445134,-0.2632520196908194,-0.21785136929314047
Themeda triandra,VHeight,Plant size,0.07228395193862601,0.8755076673221157,-0.21255284138629743,0.14947283459003002,0.2365850829608146,-0.22391252884898843,0.22113890719260348,0.05175432258622251,0.18693411734332935,2.264157515310415,0.21803244116444773,-0.6411300660932705,2.264157515310415,-0.5496846357695071
Themeda triandra,RDepth,Plant size,-0.5729772009997643,-0.15496277780099188,0.621864221379953,0.4227022583524627,-0.13438577137502863,-0.0015900175551200972,0.2484140965164423,-0.0476339608759836,-1.4817810102259652,-0.4007505028764137,-1.7282898141986358,1.8757493278096073,-0.4007505028764137,1.6082081321419786
Themeda triandra,BG:AG,Plant size,-0.8691239875221275,-0.0594339618953635,0.17041821867350876,-0.11271582237483367,0.31152780213904774,0.22916129733572627,-0.06256959176728923,0.18554698550042148,-2.247648628942021,-0.15370265334358296,-2.6215670227179126,0.5140380297390263,-0.15370265334358296,0.44071994450446744
Helichrysum pilosellum,LT,Leaf,0.7775923475647939,0.38601765905765995,0.2937197385822039,-0.17194573508224173,-0.025725698007713203,-0.21293625234626115,0.14449141207687635,0.052340631419952856,1.8328987531262235,0.9099000114742417,1.997302943961351,0.7544406788557176,0.9099000114742417,0.6923403301252555
Helichrysum pilosellum,LDMC,Leaf,0.42149812254516594,0.24707279677643987,0.31974893677166755,0.0665287844497452,0.7690262209636126,0.059905390011708505,0.18144463247639553,0.08666703598333143,0.9935326468650773,0.5823866741502498,1.0826488245031156,0.8212985824032282,0.5823866741502498,0.7536949525771796
Helichrysum pilosellum,SLA,Leaf,-0.0597979711885721,-0.799203862181436,0.004738362733170418,0.4401854743331084,-0.09830056018344814,0.20755626243601824,0.23223310500327954,0.16085785332611155,-0.1409525533195641,-1.8838402500661888,-0.15359547232156764,0.012170832012630415,-1.8838402500661888,0.011169013137393484
Helichrysum pilosellum,BI,Roots,-0.40351341892979325,0.6310733065963978,-0.16974958087969388,0.06506883120588286,-0.3068068875739597,0.06907895904522177,0.08370148323879983,0.5255226676421386,-0.9511400732560442,1.4875319702080756,-1.0364537949484258,-0.4360142415097096,1.4875319702080756,-0.4001245589832201
Helichrysum pilosellum,RD,Roots,0.5582172389967026,0.22352307885955378,-0.36042699775738546,0.2764754035078391,-0.27838196878000365,-0.5512843072802908,0.0012077854001182938,0.03281256905943128,1.3157995761337704,0.5268765489008008,1.4338218969229095,-0.9257831638370029,0.5268765489008008,-0.8495790845311687
Helichrysum pilosellum,RDMC,Roots,0.3014657908463748,0.2671440585738471,-0.46202660823767133,0.3595331209062572,0.43783635660835946,0.22254616777921632,-0.44187532943825797,0.16059463548043723,0.7105989068475096,0.6296975701966802,0.7743369818990264,-1.1867492108320739,0.6296975701966802,-1.0890642080031545
Helichrysum pilosellum,RTD,Roots,0.5694527009037496,-0.4651900802924023,-0.2540443361690944,0.5160211193532254,0.1450109721523553,0.08772631866968167,0.011183725815072145,-0.06548240478701982,1.34228320111377,-1.0965209737530037,1.4626810044154002,-0.6525314994627816,-1.0965209737530037,-0.5988196108942705
Helichrysum pilosellum,SRL,Roots,-0.6846351927654949,0.15937172968717714,0.3803384081079178,-0.4970440579936992,0.10518129472571901,0.2926757883249655,-0.02338518586860543,0.0039574999987741855,-1.6137851601756457,0.37566244773628754,-1.7585356778940364,0.9769270808728209,0.37566244773628754,0.8965131873663748
Helichrysum pilosellum,VHeight,Plant size,0.6932769812445576,0.24140642383440367,0.36151207360900384,0.117363054192563,-0.39569975672402413,0.38647578842793484,-0.058085579687064494,-0.04279473704589954,1.634155118004654,0.5690302053877523,1.7807327450647432,0.9285702607003476,0.5690302053877523,0.8521367668202333
Helichrysum pilosellum,RDepth,Plant size,-0.38065005118738726,-0.024786087412998592,0.7354379971949923,0.48990499331933895,-0.005070391072456193,-0.2295711202230474,-0.13978901526579857,0.028380946413990332,-0.897247775629195,-0.05842442875941131,-0.977727558966566,1.889026405029276,-0.05842442875941131,1.7335347914390655
Helichrysum pilosellum,BG:AG,Plant size,-0.441130701403326,0.6754432288876843,-0.2081038424143618,0.4836493215696545,0.0017145824741203227,0.10925648111277116,0.15698257911833405,-0.18168264019744873,-1.039809503141335,1.5921183585627137,-1.1330765424118094,-0.5345299737138162,1.5921183585627137,-0.490531156172774
Senecio glaberrimus,LT,Leaf,-0.32516802021998803,-0.5411760135716384,0.4412700871789854,0.4612347392405833,0.23476685547343665,0.14091383164875268,0.21123986115837157,-0.2404176334306856,-0.7983276673130091,-1.3286539808807503,-0.849001636689812,1.152139826000594,-1.3286539808807503,1.083372587237449
Senecio glaberrimus,LDMC,Leaf,-0.7355355926315593,-0.1929932663325458,-0.12945405485093292,-0.5189507519859347,-0.25212738642884,-0.005295855777547389,0.014945514294751942,0.03406392365539759,-1.8058307624900607,-0.47382231504237204,-1.9204561431512464,-0.3379997343226399,-0.47382231504237204,-0.317825699967167
Senecio glaberrimus,SLA,Leaf,0.8347727985902541,0.33197524111571125,-0.0462359640990538,0.22607140655707877,0.11963398582883836,-0.21014485650459844,-0.007783340576837635,0.20421273581373722,2.049470364841078,0.8150402357103887,2.1795608060958247,-0.12072038685560475,0.8150402357103887,-0.11351500476643954
Senecio glaberrimus,BI,Roots,-0.6401460627681108,0.5026687090758197,-0.20775551445705584,0.060621343116296314,-0.12781496966850173,0.41585743687722015,0.12481935341940173,0.22422913879815948,-1.5716376803706942,1.2341137903913506,-1.6713976197381826,-0.5424419402807311,1.2341137903913506,-0.5100654582074438
Senecio glaberrimus,RD,Roots,-0.20957402096330383,-0.807602174402614,0.3114523174489152,0.2622365349431584,-0.08140353207570568,-0.08985427142266517,0.007500896484954745,0.34808074358947955,-0.5145301163744563,-1.9827631252654199,-0.5471899932998783,0.8131904456227638,-1.9827631252654199,0.7646539223014875
Senecio glaberrimus,RDMC,Roots,-0.22867046615734693,0.4265591533924833,0.38799088467233844,-0.40812501177158167,0.5761553044281289,-0.05940503682282107,0.2903324287093056,0.13822698136573072,-0.5614142488774534,1.0472554271125725,-0.5970501032016184,1.0130298049749449,1.0472554271125725,0.9525655619197289
Senecio glaberrimus,RTD,Roots,0.43372227653322687,0.32122132320934865,0.615568210025521,-0.5048800860123154,-0.18511531263745407,0.09902783712935236,-0.04683757871956296,-0.14626707902298683,1.0648417794966627,0.7886380384990704,1.1324327724369057,1.6072257580936613,0.7886380384990704,1.5112960150547756
Senecio glaberrimus,SRL,Roots,-0.2528299686961079,0.257569424414876,-0.8422223278181934,0.28668217751761504,0.22961542796597387,-0.041677202723915806,0.029456771128068,-0.1224595307475941,-0.6207288127517337,0.6323647621471806,-0.6601296679852124,-2.19901125052394,0.6323647621471806,-2.0677598795574923
Senecio glaberrimus,VHeight,Plant size,0.552546568338228,-0.48019717163048614,-0.21596987596496928,-0.2691045660131014,0.35277411339527626,0.41259724807187387,-0.20828135811674298,0.061735259949485574,1.35657009777541,-1.1789433893859464,1.4426785898229557,-0.5638893334157083,-1.1789433893859464,-0.5302327306736652
Senecio glaberrimus,RDepth,Plant size,-0.11364489195366051,0.5700878731065965,0.47384253089269796,0.5670487466479944,-0.04873294186915658,0.18688829710396185,-0.19248446654591825,0.029082915978355092,-0.27901225167845656,1.3996361683806442,-0.2967225965358438,1.2371852680622695,1.3996361683806442,1.1633419611969795
Senecio glaberrimus,BG:AG,Plant size,0.8147996156611977,-0.07354194040573313,-0.17023481266325025,0.0984896293557013,-0.2997899978909278,0.17661874723139231,0.3938316942376893,0.006420199884169345,2.000433732869145,-0.18055455051841018,2.1274115664959354,-0.4444767799579535,-0.18055455051841018,-0.41794749925585
