id,species,family,growth_form,elevation_m_asl,Dim.1,Dim.2,Dim.3,Dim.4,Dim.5,Dim.6,Dim.7,Dim.8
FBC0289,Eragrostis capensis,Poaceae,grass,2200,1.6225808281389213,-0.014658617888501639,0.5084948702234611,0.4884156451654846,-0.8064876566178862,0.9239729091877189,0.7270718978064595,-0.25642402893122906
FBD8952,Senecio glaberrimus,Asteraceae,forb,2800,-1.0270636382307134,1.1006288261520756,-1.2462057905743265,1.8786511711170542,-0.6355459011056778,0.22329834985144462,0.3795304437864153,-0.27642353713378126
FBE2394,Senecio glaberrimus,Asteraceae,forb,2400,-0.1974503777818766,0.1660664872731061,-1.4685809099147484,-0.020451273855251268,1.1519521863017566,-0.7913234519794557,0.44051819443674334,-1.07604875053872
FBF4179,Themeda triandra,Poaceae,grass,2800,2.212455372429916,1.3080778016820211,-0.27508804142768584,-1.3938847342513239,-0.4991458918304039,-1.4618279601118578,0.4221583926672927,-0.1938422578894182
FBG3400,Themeda triandra,Poaceae,grass,2200,-0.7804981667585784,2.9450025998311338,1.2900850492228804,-1.724075260523256,1.1956370890451102,0.8457472798409189,-0.07840007270866603,-0.623167340761636
FBH8238,Senecio glaberrimus,Asteraceae,forb,2800,0.7901461857413538,-0.8495749360281033,-1.6098861924270713,0.2782736265781994,0.4484488308870222,-1.2133228502537463,0.07935668461146483,-0.9516442932980874
FBI0246,Helichrysum pilosellum,Asteraceae,forb,2800,1.3036853309710728,-2.2537608395915556,-0.16958927694060813,-0.39178197036463586,-0.08434808588366728,-1.713248133463449,0.4849113453377635,-0.4709035125158088
FBJ6221,Helichrysum pilosellum,Asteraceae,forb,2800,-0.4441233455627392,-1.5391801283546716,0.8075601353256989,-0.765054668435006,-0.07395852431177473,-0.02812004205371881,0.7244244989097959,0.030369599014416594
FBK1070,Themeda triandra,Poaceae,grass,2200,0.7928895921771639,2.583104072681398,0.7523980406119174,0.12877054235618327,0.7257590469472204,0.03309697815640524,-0.48885979548761166,-0.36316973740402286
FBM2759,Senecio glaberrimus,Asteraceae,forb,2800,-0.33115543361755617,0.8462493700023597,-0.33469998562781195,-0.5778791099244044,-0.48667557060898065,-1.3893990332447521,0.9942732192840436,-0.6526826756206697
FBN8285,Helichrysum pilosellum,Asteraceae,forb,2800,-0.7683541956476363,-2.136805649750758,0.03745762240412911,0.19198441204753014,0.3659621791854734,-0.06720838338049794,-0.7832830419812392,-0.7742395499779613
FBO8536,Themeda triandra,Poaceae,grass,2200,0.8937440600478864,1.9047688544494172,0.391591916088692,0.057951374314486485,0.18004184507755827,-0.10001611245612266,0.060946851736825035,-0.24569314339836304
FBP4231,Senecio glaberrimus,Asteraceae,forb,2800,-0.44659961802366155,-0.24006190085441095,-0.9207704857233167,-1.310077896445022,-0.36950129194236664,-0.9823603563274678,0.5218455237244143,-0.4175656232486625
FBQ2034,Helichrysum pilosellum,Asteraceae,forb,2800,-2.132005549753919,-0.05126601866513207,-0.08635017332356863,-0.28309074590027555,-1.1614467837399811,-1.5715524329900779,-1.469829404313121,0.028762003868739984
FBR3362,Helichrysum pilosellum,Asteraceae,forb,2800,-0.39737609231386384,-1.0367370228312736,0.6268699313113758,-0.7677202883217069,-0.03181808027958011,-0.7565044765874294,0.38289892493706007,-0.8662590720965291
FBS3237,Themeda triandra,Poaceae,grass,2200,0.6671156024817139,1.5434380364465041,0.3245628305927821,-0.21623245625529072,0.5833444639503992,0.9559328893306928,-0.008476138702793824,0.379212001600111
FBT2327,Helichrysum pilosellum,Asteraceae,forb,2200,-1.2491940510417836,-0.8081913969041875,0.0023469946912982763,0.30715194870870516,0.31806913828862027,0.10826024203038094,0.23186897360541478,-0.07360451471599613
FBU8395,Senecio glaberrimus,Asteraceae,forb,2600,-0.7274226251799999,0.6178933715436733,-0.37252331046089787,0.8560534282256096,-0.19896085251260504,-0.9151899421877142,0.589220600050605,0.3429099512465886
FBW8179,Eragrostis capensis,Poaceae,grass,2200,0.4007176411711806,0.9912609206756104,0.3990868259877856,-0.27544385529592597,-0.33281997737726626,0.883371245516535,-0.6241168395599052,-0.15432431545547468
FBX4690,Helichrysum pilosellum,Asteraceae,forb,2200,-0.6620148412336013,-0.09083224189679953,-0.43647623254286566,0.914618683971736,-0.3320198097488991,-0.9623350017744463,0.3437280762350203,-0.3765017208604809
FBY9580,Senecio glaberrimus,Asteraceae,forb,2600,-0.40932796986565406,-0.3333345213297483,-0.2737045960478753,-0.5359133982837238,0.6817791232381056,-0.498171973194346,0.6811345336181167,-0.15393789674235067
FBZ6377,Senecio glaberrimus,Asteraceae,forb,2600,-0.4577514297434548,0.22321909920227148,-0.6917929843943799,-0.38156118467004596,0.19385450917623703,-0.5349119492198992,0.4778020021298127,-0.023376933502668323
FCA5827,Eragrostis capensis,Poaceae,grass,2200,0.6410597596560853,-1.1177818631178602,1.0994100198101369,-0.03516439226480806,1.5318501982916313,0.20866331486522804,0.08715840434000575,-0.28033544736725324
FCB1397,Senecio glaberrimus,Asteraceae,forb,2200,-0.06429238425294409,-1.6062283027677264,-1.1459159139941704,0.17559556918776756,2.237803957407111,0.634434340442892,-0.018640700229917952,0.07188754393641097
FCC1836,Helichrysum pilosellum,Asteraceae,forb,2600,-0.904237076890557,-2.0269586941452986,-0.0024310133361989555,-0.24551323036708328,-0.07284529979601885,0.0812446416490909,-0.43748715470460814,0.22848651699295114
FCD2673,Senecio glaberrimus,Asteraceae,forb,2600,-0.7353116781311367,0.9226767010527817,-0.3519275831146361,0.4981310007827396,0.7096391136332225,-0.6270268819943495,0.73521899108748,0.5323113145541278
FCE1581,Eragrostis capensis,Poaceae,grass,2200,-0.05407983238491182,-0.23877676216994112,-0.7334962535813632,-1.4679157215532666,-0.8468909539577992,0.8124739088754136,-0.9404922700931622,-0.9572079362220343
FCF2601,Senecio glaberrimus,Asteraceae,forb,2200,-0.8557157999399833,0.006092565497684852,-2.399804725257471,-0.9954921505922824,-0.6057992649034232,-0.2617450665143766,-0.08521089974331403,0.6922926719835193
FCG9760,Senecio glaberrimus,Asteraceae,forb,2400,-1.0861332771566172,0.27841021591989285,-1.1179953525832362,1.1692213997753798,-1.612892622887333,1.0717705171823468,-0.5756790917290653,-1.402662971549952
FCH5965,Themeda triandra,Poaceae,grass,2800,1.5124045990703419,0.04728005895609306,-0.622791995269553,-0.39228688113289395,0.28140134155458624,0.05922869283361685,-1.1831846450180252,0.3888474159052193
FCI1638,Eragrostis capensis,Poaceae,grass,2200,0.755767838372929,-0.7777595769321279,2.023588116711386,-0.04207807631594095,1.6597217904693078,-0.265906230620338,0.8043513021950852,1.3387720344537912
FCJ1591,Senecio glaberrimus,Asteraceae,forb,2200,-1.0912349662733625,0.24954191943228807,-1.0874755689388795,0.10768136698611974,-0.09842911876984477,-0.08487963400746726,0.12246196079619341,0.39243640900589954
FCK8784,Helichrysum pilosellum,Asteraceae,forb,2600,-1.4314964191754078,-1.0753392969773055,1.748707268991956,0.7450317832501283,0.25597953200016416,-0.35251297216872945,0.1530984135535119,1.1047985382066041
FCL0130,Senecio glaberrimus,Asteraceae,forb,2600,-0.47792010261829787,-0.14522997443279337,-0.8958205474589437,-0.007213494001725783,0.37381496504952677,-0.5868977318229852,-0.17314014375319828,0.4784461954155863
FCM1008,Themeda triandra,Poaceae,grass,2200,0.566788525787149,1.6432500762863635,0.5641963893977288,-0.7521320510865973,0.7353763157740265,0.600676342760512,-0.054192549440159846,-0.20865270596472993
FCN7125,Senecio glaberrimus,Asteraceae,forb,2200,-1.8831028181428293,0.8002949000974228,-0.9941032554471151,-0.05200098712685089,0.257635931522106,0.5765327182807691,0.2710266734894358,0.13124665160925994
FCO4501,Helichrysum pilosellum,Asteraceae,forb,2600,-1.742700924864928,-1.6096094422951783,0.0888660102052965,0.4429549635202189,0.40957057106302525,-0.17222043862384356,-1.3501445652452826,0.5127645753338754
FCP0847,Themeda triandra,Poaceae,grass,2600,0.9751001899921483,0.2770238151659147,-1.0512229277013305,0.8616751627143976,0.0655587257801628,0.7914678550131121,0.16078145232107663,0.33595952148058894
FCQ4012,Helichrysum pilosellum,Asteraceae,forb,2200,-2.1246086938105617,0.24641991563776977,2.1055896360180255,-0.25559711699192467,-1.4194298972455133,0.3159529401565428,1.2667503586652413,0.07106138364231504
FCR0255,Helichrysum pilosellum,Asteraceae,forb,2200,-1.2482186267685014,-1.1203221159553511,0.2054938008922139,-0.9695106771580944,0.688355900791254,1.0165278905715198,1.4810645425951974,-0.09970665157598511
FCS7407,Helichrysum pilosellum,Asteraceae,forb,2600,-1.6181727257008485,-0.61896979429309,1.4001255882926054,0.6718140326489502,-0.3581331426749307,-0.3879331463784548,-0.24007571352674212,-0.009363774495079679
FCT4052,Themeda triandra,Poaceae,grass,2600,1.868241307822971,0.08954711628409594,0.5219636650181946,-0.38573856142359825,-0.47840158342353656,0.277756074156363,-0.40241752120464136,0.30894221719518544
FCU3875,Senecio glaberrimus,Asteraceae,forb,2200,-1.9817959147772795,0.19297256267053667,-0.5574142399719607,-0.2749652663155075,-0.31841893050536346,0.9630408307003031,0.22541205875866888,0.7285809680976663
FCV8597,Helichrysum pilosellum,Asteraceae,forb,2200,-0.8754594729908884,-0.6551520613277694,0.2749699804155385,-0.040139473193988404,-0.9368195704460215,-0.7465117266011998,0.11561158686323401,0.37136614269102464
FCW1015,Helichrysum pilosellum,Asteraceae,forb,2600,-1.4750545106270347,-1.4510763144546281,0.03803028121530888,-0.6362781236595684,-0.6874733008514909,0.5074348081291231,0.5243475363058512,0.1624407806302563
FCX5914,Themeda triandra,Poaceae,grass,2600,1.4169518003917718,0.14314808646525995,0.4588010498437789,-0.32007246909018366,0.6594410687127255,-0.17223731417323007,-0.8486773474128084,-0.052798021317528726
FDB8375,Harpochloa falx,Poaceae,grass,2600,0.9911405168283356,-1.4459267867250576,0.18703604268058113,0.7723488759578833,0.1583618181596534,-0.2152157568917169,0.31917294161577414,0.36876622154040684
FDF3034,Harpochloa falx,Poaceae,grass,2400,-1.1072245583138922,0.7794013867268639,-0.12350490300384405,0.2491062191098779,-0.04092113762118181,-0.06467982933914292,-0.5588931904205864,0.036382013207944944
FDJ1565,Harpochloa falx,Poaceae,grass,2400,-1.6005350479134024,1.5237479556095272,1.0992151079206034,-0.19704124833814124,-0.6454492180014672,0.3915934708666563,-0.10657729530638696,-0.4625040359293153
FDN1018,Harpochloa falx,Poaceae,grass,2400,-2.2772165178406114,2.2948234589174397,0.3265547418505848,-1.4627115266537933,0.06127730316778852,-0.3346533631654225,-0.1970452080899058,-0.14735496570229992
FDR6843,Themeda triandra,Poaceae,grass,2400,1.9195160604596349,1.046894136112935,-0.11906404090939843,0.8798230222469715,0.1303152331488181,-0.049336999051688354,0.17559907770442937,0.055898049968328145
FDV4335,Themeda triandra,Poaceae,grass,2400,2.317122885824105,0.6509690539754879,0.5264666864100873,0.5005469296643875,-0.436610886588686,-0.5481496037001922,-0.30831682434252444,-0.25423754255785436
FDY4037,Helichrysum pilosellum,Asteraceae,forb,2400,-1.0611939016863057,-1.939078914563594,0.6039816318762216,0.441748066805922,0.5245221092412038,0.1753059546727204,-0.26390930258278555,-0.4294722459855928
FDZ1151,Themeda triandra,Poaceae,grass,2400,1.9952198940208155,0.3887749859383252,-0.2052648217025716,1.146921720112485,-0.05132776648637838,-0.4701335986754251,0.8183390623997788,-0.2908013399539155
FEC6189,Eragrostis capensis,Poaceae,grass,2400,1.1905269861705958,-0.9013711369383094,0.29459296830331405,1.0503832491157776,-0.19087392962966526,0.6862623444568187,-0.6532443156765059,-0.22840738721938084
FED1194,Themeda triandra,Poaceae,grass,2400,0.37969809202771837,2.3999065394916146,1.0260051573562723,-0.3469852380028437,0.7099673253640977,-0.22372999897090398,-0.32473182515031546,-0.24382637379849328
FEG8108,Senecio glaberrimus,Asteraceae,forb,2400,-0.9471060528059854,0.020907099862364085,-0.8281121247394574,1.196916198208803,0.970728830020928,0.4627918219373438,0.3594757538435416,-0.31853423471522946
FEH0081,Themeda triandra,Poaceae,grass,2400,1.1617549419377284,1.2767320094513874,-0.6057446222915336,-0.2682249735398393,1.3230042987196888,-0.23314437037978658,-0.005651323648489365,0.20572923271897853
FEL2208,Eragrostis capensis,Poaceae,grass,2600,1.8490482259014445,-0.6838023946965642,0.5668032002396498,0.5310362309270528,-0.5175372689780697,0.07834685355966849,-0.2530840869073073,0.026067875157541477
FEO1874,Helichrysum pilosellum,Asteraceae,forb,2400,-1.5698600049511935,-1.1715880864316772,0.944486327399071,-0.27470802981033215,0.6830617222746228,-0.20995253678577758,-0.1645886598937252,-0.44644052328614753
FEP9413,Themeda triandra,Poaceae,grass,2600,2.3868641356858933,-0.09906658432949193,0.005390911974188031,0.4084504133765087,-0.5483281744991877,-0.07957210316308079,0.6189835322616183,0.16590360623874006
FES3675,Harpochloa falx,Poaceae,grass,2400,-1.0614052327707244,-0.05802918030855541,-0.4419402545273886,-0.23230450936039798,0.4456074022520205,1.2121592241149768,-0.36511875545770867,-0.2915925937136136
FET3274,Themeda triandra,Poaceae,grass,2800,2.1209319215239852,-0.17103741307730902,0.5085428646837816,0.4929580667138145,0.39064052183134895,-0.10462161440188147,-0.16295309054469612,0.653671773400205
FEU2975,Helichrysum pilosellum,Asteraceae,forb,2400,-2.2770490507143935,-0.047445637765728785,1.0827561560193089,0.3188508513506818,-1.140810232681482,-0.1408545689301926,-0.7448713646378052,0.15388316648118364
FEV1588,Harpochloa falx,Poaceae,grass,2600,1.1643650008041924,-0.8322058545980134,0.1274415264176608,-0.42316778420192974,-0.5855651013404322,-0.6439780585826144,0.43931858929622053,0.5016231793527021
FEY3832,Eragrostis capensis,Poaceae,grass,2600,0.9000004402695431,-0.8525894777675971,0.8478145431409903,0.4944473576766329,-0.35178855466460557,0.811179698410571,-0.9820769064229088,0.17247979644885025
FEZ5712,Harpochloa falx,Poaceae,grass,2600,0.6766272574028132,-0.6313920037420508,-0.5283511223713694,0.19663085516587755,-1.6425330035903236,-0.7026382283398604,-0.32832686188774174,0.274484099339512
FFC7215,Themeda triandra,Poaceae,grass,2800,1.6565111470562761,0.8450369351938317,-0.47079465238297985,-0.7166426170202984,0.2680401835996144,0.24408815391075814,-0.14776841049062192,0.5348078863149984
FFD9944,Harpochloa falx,Poaceae,grass,2600,1.7833712129362256,-2.1557401813368053,-0.04686121464380083,-0.13411248553173605,-0.017295794695097632,0.8118431355242928,0.2085045485326347,-0.5584443631184896
FFG0527,Harpochloa falx,Poaceae,grass,2200,0.19020588851950443,0.09258416962411246,-0.04124419174417033,1.83504576516865,0.3173921371997998,0.23992552285853014,0.20907891176926205,-0.3224315939984639
FFH9263,Themeda triandra,Poaceae,grass,2800,1.625291692768493,0.6591448938286497,-0.49043293764191687,-0.33425725589098615,-1.9735023038773867,0.19004277109200698,-0.5394929120801518,0.6317995385699589
FFK2932,Harpochloa falx,Poaceae,grass,2200,-1.2578382415545823,1.239101535817299,1.2322489591342887,0.8018751696724556,-0.2898647004163246,-0.8190986037538983,-0.08813310592384943,0.39349462666392476
FFL3841,Harpochloa falx,Poaceae,grass,2200,-0.4480937588114177,1.968794347894701,-1.1871158664701773,2.2799467666566824,0.7183067897986821,0.052172008290127914,0.6471281504286134,-0.04450063072791158
FFP1160,Harpochloa falx,Poaceae,grass,2800,-0.17798831941960933,-0.27394921316229004,-0.5108622504477809,-1.3515223044614635,0.745724741582601,-0.7237438416488986,-0.5829366265681429,0.2553570038028532
FFS2715,Harpochloa falx,Poaceae,grass,2200,-0.3939088952851513,0.21988046114441015,1.5091702753761138,1.0033254027255172,0.09334704696612733,-0.6346526456005712,0.17723667368325985,0.2858224232266785
FFT9800,Senecio glaberrimus,Asteraceae,forb,2400,-1.0346248248129923,-0.53422714369582,-2.362675145795635,0.5092830197252934,-0.06446719596351642,1.5764668310877001,-0.3891076007041515,0.7255802731307008
FFU7165,Senecio glaberrimus,Asteraceae,forb,2400,-0.21030802513269395,-0.2707815776894916,-2.924014563589827,-1.0908322741109235,-0.2834125129539655,1.4414411210782812,1.2111113530062458,0.7161638234668218
FFW6775,Harpochloa falx,Poaceae,grass,2200,-0.9070332974015259,1.1001395492087507,-0.44307753313911397,1.7626602176258264,0.5048202642279987,-0.19890524126146866,-0.19275745567477984,-0.019733829434441356
FFX9242,Harpochloa falx,Poaceae,grass,2800,0.8712544002279887,0.19838597637908403,-0.7549661982481338,-1.0778983271933917,-0.6267027989348524,-1.0151834810777052,0.25210922606704406,0.38145114565923466
FFY6725,Eragrostis capensis,Poaceae,grass,2600,1.8108583407745353,-0.9430753700338743,-0.04142663025714178,0.1456174952701266,-0.09749902773483055,0.5711272306502738,-0.46782081881415466,-0.38370956483956703
FGA6390,Eragrostis capensis,Poaceae,grass,2400,0.8177846958028342,0.253344439544244,0.8178751182992735,-1.314712546538082,-0.7004803084522047,1.6468142347478965,0.5715817565456353,0.10968491284820188
FGB1616,Eragrostis capensis,Poaceae,grass,2400,1.0411864945277216,0.4009568153286912,1.0565012837710843,0.18350050523741862,-1.6475159533179144,1.330616348877203,0.7379701908508937,-0.2795370507937633
FGC0245,Helichrysum pilosellum,Asteraceae,forb,2400,-0.4388678215327941,-2.0041545243770376,1.0371721450283382,-0.03244819758991973,-0.09152331038378883,0.6584201275365466,0.7761971328476884,-0.5000929214548846
FGE4515,Eragrostis capensis,Poaceae,grass,2400,0.2697310936788433,0.3729918666115114,0.9204010001075674,-0.2410709584946153,-0.38839026591488085,0.2021124546113882,-0.33717421692037386,0.22879559855477358
FGF3594,Harpochloa falx,Poaceae,grass,2800,-0.6462404536463008,0.4416550729066873,-0.387021798575405,-0.8558874261182379,1.3051630980046525,-0.8861987121021152,-0.8161651778247967,0.12280818324528633
FGG8281,Eragrostis capensis,Poaceae,grass,2600,1.1332651307349277,0.7273857202709048,-0.24465757596280713,0.3989649190454977,-0.25999314242774657,0.25562838110986724,-0.2391238670305777,0.05054243277930057
FGI9956,Harpochloa falx,Poaceae,grass,2400,-1.548699265301322,1.3356638039737432,-0.08876888763815632,0.24848572474699038,-0.4498093550460508,-0.21816950673371438,-0.6369346102645392,0.5736434003689181
FGJ9233,Eragrostis capensis,Poaceae,grass,2400,0.8518498385941019,-1.1683109804374703,0.15532564341482955,-0.19347577307757444,1.4013048789477247,0.6380486341576764,-1.2919091003886678,-0.07494686278435307
FGK3505,Harpochloa falx,Poaceae,grass,2600,-0.5376250032652542,0.13540072190621022,1.2281184133331313,-0.32187776580970795,0.4298750654415233,0.3802455507812506,0.5907290610034689,-0.02042473224798096
FGM0803,Harpochloa falx,Poaceae,grass,2800,-0.08667896863422424,-0.05845027834314091,0.6671515382235935,0.5638855040085714,-0.4235463612125786,-0.26060099656859353,-0.10894615988885482,-0.3303651737608332
FGN0784,Harpochloa falx,Poaceae,grass,2800,1.4144708780816975,-0.8254331282298758,-0.3064374795490218,-0.011977810589269725,-0.6947782631528285,-0.9691073141320863,-0.3231514062807135,0.3458117983851296
FGO9191,Eragrostis capensis,Poaceae,grass,2600,0.33112399424294803,-0.6337269679104836,-0.4428420945410824,-1.789610090532731,-0.28366991410943804,0.4421675715232087,-0.25839103102630845,0.005347880871642173
