traits,group,Dim1_scaled_12,Dim2_scaled_12,Dim1_scaled_13,Dim3_scaled_13,Dim2_scaled_23,Dim3_scaled_23,Dim.1,Dim.2,Dim.3,Dim.4,Dim.5,Dim.6,Dim.7,Dim.8
LT,Leaf,-2.3522997956618803,-0.9958980623889916,-2.3522997956618803,-0.20380935598321107,-1.0736671424968238,-0.21972470588776094,-0.7840065705247606,-0.3319264942018803,-0.06792836292378156,0.09572846924779813,-0.024746274359789124,-0.19790180462829468,0.29689089778529004,-2.2848215558584075e-4
LDMC,Leaf,2.0685766133024504,0.8456533044140833,2.0685766133024504,1.0904543581256618,0.9116898618270691,1.175607282439602,0.6894434372072242,0.2818508713342235,0.36344150656499313,-0.15649736336552553,0.05981325907024056,0.11765372021985515,-0.1958014525468207,0.12391841614754659
SLA,Leaf,2.026398900444283,1.1916595740073432,2.026398900444283,0.5013751941341247,1.2847155526985081,0.5405272811892623,0.6753858735958626,0.39717256175147253,0.16710516543180565,-0.013711581164082717,-0.16971056713165633,0.26410268032409256,-0.36253425801330935,-0.08064931776258379
BI,Roots,0.9018474850000046,-0.5606863789891993,0.9018474850000046,0.7278498176614275,-0.6044700407611507,0.7846871717179248,0.30058003454967186,-0.18687320635828247,0.24258771796612943,-0.2985607713878801,-0.2949245171366719,0.5741111123732116,0.4893270513341794,-0.26453024258413643
RD,Roots,-0.7401277180766273,1.269367922173956,-0.7401277180766273,0.09858492998338862,1.3684920989888523,0.10628336781236851,-0.24667986413538792,0.42307226027612743,0.032857730551284714,0.5779534157729261,-0.4605129175529273,0.3265528515020411,0.11632804188331479,0.2718173559362698
RDMC,Roots,0.2841015101941001,0.6017221375303383,0.2841015101941001,1.8734352473606957,0.6487102569810367,2.01973067791845,0.09468922758015579,0.20055016385411395,0.6244040602699559,-0.5092257596494542,0.09603004904575911,-0.2357066664846275,0.28103156294746834,0.36598888728891554
RTD,Roots,-1.0682379963097572,1.7629655790056815,-1.0682379963097572,1.5273351195043334,1.9006344996702664,1.6466037994486504,-0.3560369343803819,0.5875852219595726,0.509051087490184,-0.005585408664055227,0.1582373027204233,-0.3022423586254327,-0.018285059891265158,-0.35666835206497727
SRL,Roots,0.9960314084322835,-2.1037455463937396,0.9960314084322835,-1.1992037567387939,-2.2680257695438137,-1.2928488561174545,0.33197093759055346,-0.701165019070542,-0.39968698990455254,-0.36536211479922415,0.18892594665705295,0.09543475009047044,-0.08412496759046313,0.0637489638461792
VHeight,Plant size,0.39295971038159777,2.1031085789203368,0.39295971038159777,-1.4803280411382043,2.2673390616639018,-1.5959259666336962,0.13097097379290148,0.7009527218602633,-0.4933839270507776,-0.05132506350400744,0.4280883097189775,0.12811400903080974,0.2118102112521669,0.014611679430172017
RDepth,Plant size,2.132688987568421,0.34743140363027164,2.132688987568421,-0.8394468719546943,0.37456211276739376,-0.904998772793532,0.710811684047683,0.11579667853354109,-0.27978230684399447,0.038260842282816385,-0.40101492983762416,-0.4589455166512336,0.16614850121168132,-0.04656092048061709
BG:AG,Plant size,1.7355347007234179,-1.055662723954818,1.7355347007234179,0.8476686871404108,-1.1380987905027893,0.9138626245771267,0.5784426845805272,-0.35184567603372346,0.2825225855870057,0.5228288355574142,0.40274787739411927,-0.027842739878208442,0.15505877447948782,-0.008528202538063166
