id,species,family,growth_form,elevation_m_asl,PC1,PC2
FBC0289,Eragrostis capensis,Poaceae,grass,2200,-0.34529055440913853,0.36755899371536244
FBD8952,Senecio glaberrimus,Asteraceae,forb,2800,0.328909606177287,-0.6822831057929963
FBE2394,Senecio glaberrimus,Asteraceae,forb,2400,0.3603975728774721,0.24691311991678122
FBF4179,Themeda triandra,Poaceae,grass,2800,-0.5109933129599711,0.08294945972665507
FBG3400,Themeda triandra,Poaceae,grass,2200,-0.7016735646923995,-0.04919566104751779
FBH8238,Senecio glaberrimus,Asteraceae,forb,2800,0.30901183726231674,-0.5388999651595069
FBI0246,Helichrysum pilosellum,Asteraceae,forb,2800,0.3949508768358002,0.3364357763227738
FBJ6221,Helichrysum pilosellum,Asteraceae,forb,2800,0.3983516158431547,0.3497698307282305
FBK1070,Themeda triandra,Poaceae,grass,2200,-0.9333851976225398,0.40662202689367083
FBM2759,Senecio glaberrimus,Asteraceae,forb,2800,0.3270289258247535,-0.41880713645465073
FBN8285,Helichrysum pilosellum,Asteraceae,forb,2800,0.40506889079554126,0.10622306624363498
FBO8536,Themeda triandra,Poaceae,grass,2200,-0.5641281960260577,0.16826365304943056
FBP4231,Senecio glaberrimus,Asteraceae,forb,2800,0.4529694270085579,-0.06289975515836577
FBQ2034,Helichrysum pilosellum,Asteraceae,forb,2800,0.32193710792059504,0.053682867367319996
FBR3362,Helichrysum pilosellum,Asteraceae,forb,2800,0.3863304986665393,-0.3418824182704837
FBS3237,Themeda triandra,Poaceae,grass,2200,-0.6523277813931562,0.005332444481174154
FBT2327,Helichrysum pilosellum,Asteraceae,forb,2200,0.38507944628782,0.4187382391109061
FBU8395,Senecio glaberrimus,Asteraceae,forb,2600,0.3776362642049206,-0.3048846909822385
FBW8179,Eragrostis capensis,Poaceae,grass,2200,-0.5943581763247362,-0.018990923884857243
FBX4690,Helichrysum pilosellum,Asteraceae,forb,2200,0.33278039690959504,0.25995170899947684
FBY9580,Senecio glaberrimus,Asteraceae,forb,2600,0.32656392801555756,0.022496434380485396
FBZ6377,Senecio glaberrimus,Asteraceae,forb,2600,0.2702731473399706,-0.016024592343414717
FCA5827,Eragrostis capensis,Poaceae,grass,2200,-0.1453454954691736,0.5915207589927971
FCB1397,Senecio glaberrimus,Asteraceae,forb,2200,0.31301153353110023,-0.020983788160908113
FCC1836,Helichrysum pilosellum,Asteraceae,forb,2600,0.4136707459623753,0.20665147820787727
FCD2673,Senecio glaberrimus,Asteraceae,forb,2600,0.27981871747679,-0.19071361835826392
FCE1581,Eragrostis capensis,Poaceae,grass,2200,-0.019613646572185353,-0.7926522120363905
FCF2601,Senecio glaberrimus,Asteraceae,forb,2200,0.38890228987546355,-0.2830317361756962
FCG9760,Senecio glaberrimus,Asteraceae,forb,2400,0.22450337782416524,-0.5747457340679546
FCH5965,Themeda triandra,Poaceae,grass,2800,-0.4701077607912736,-0.12394804766380549
FCI1638,Eragrostis capensis,Poaceae,grass,2200,-0.10426528498753847,0.38538320522588315
FCJ1591,Senecio glaberrimus,Asteraceae,forb,2200,0.33260561987640874,0.17556161163758904
FCK8784,Helichrysum pilosellum,Asteraceae,forb,2600,0.3918715300149734,0.4956998832404646
FCL0130,Senecio glaberrimus,Asteraceae,forb,2600,0.2333533467974698,-0.6390995274847469
FCM1008,Themeda triandra,Poaceae,grass,2200,-0.6429426586902593,-0.21822293606880006
FCN7125,Senecio glaberrimus,Asteraceae,forb,2200,0.3705888564180314,0.10528985521873281
FCO4501,Helichrysum pilosellum,Asteraceae,forb,2600,0.3726018345253904,0.3261755116946902
FCP0847,Themeda triandra,Poaceae,grass,2600,-0.1900125353602989,-0.4750437689507604
FCQ4012,Helichrysum pilosellum,Asteraceae,forb,2200,0.3559608382048759,0.5032285235226691
FCR0255,Helichrysum pilosellum,Asteraceae,forb,2200,0.48332039137847194,0.2203465847354642
FCS7407,Helichrysum pilosellum,Asteraceae,forb,2600,0.3751722970516015,-0.2345278903718601
FCT4052,Themeda triandra,Poaceae,grass,2600,-0.5959159032264929,0.08896356642132117
FCU3875,Senecio glaberrimus,Asteraceae,forb,2200,0.36725411988338297,0.4569079539959322
FCV8597,Helichrysum pilosellum,Asteraceae,forb,2200,0.30534317823552076,0.3295747584623259
FCW1015,Helichrysum pilosellum,Asteraceae,forb,2600,0.7071415731468876,0.07648969934353474
FCX5914,Themeda triandra,Poaceae,grass,2600,-0.5565914027844282,-0.21581747128414944
FDB8375,Harpochloa falx,Poaceae,grass,2600,0.19705559214259813,0.25444791890171387
FDF3034,Harpochloa falx,Poaceae,grass,2400,0.02968792293621432,-0.3455630366108076
FDJ1565,Harpochloa falx,Poaceae,grass,2400,-0.03280724109837896,-1.06665669312267
FDN1018,Harpochloa falx,Poaceae,grass,2400,0.0325887189566928,-0.22434142191179723
FDR6843,Themeda triandra,Poaceae,grass,2400,-0.6276443756961828,0.09840039650346437
FDV4335,Themeda triandra,Poaceae,grass,2400,-0.6585073491684824,-0.11795465792880047
FDY4037,Helichrysum pilosellum,Asteraceae,forb,2400,0.4479426346684605,0.36132542101936205
FDZ1151,Themeda triandra,Poaceae,grass,2400,-0.3117064810810969,0.5636366751951711
FEC6189,Eragrostis capensis,Poaceae,grass,2400,-0.28975262085155873,-0.14251604726113085
FED1194,Themeda triandra,Poaceae,grass,2400,-0.7150259120993149,-0.11452312824102776
FEG8108,Senecio glaberrimus,Asteraceae,forb,2400,0.3584711872971543,-0.2069450491650214
FEH0081,Themeda triandra,Poaceae,grass,2400,-0.4410963960331786,0.0932239075870166
FEL2208,Eragrostis capensis,Poaceae,grass,2600,-0.3609038297521306,-0.0032361720769186727
FEO1874,Helichrysum pilosellum,Asteraceae,forb,2400,0.3927369008475598,0.22967903517554988
FEP9413,Themeda triandra,Poaceae,grass,2600,-0.3484052030578742,-0.23680955067499065
FES3675,Harpochloa falx,Poaceae,grass,2400,0.03463809180456495,-0.029604089399758664
FET3274,Themeda triandra,Poaceae,grass,2800,-0.5096812688329215,-0.17780230582070336
FEU2975,Helichrysum pilosellum,Asteraceae,forb,2400,0.29104124670442055,-0.007064550945001766
FEV1588,Harpochloa falx,Poaceae,grass,2600,0.0377096627246207,0.16236718558296342
FEY3832,Eragrostis capensis,Poaceae,grass,2600,-0.3668680867409957,-0.09407152112484889
FEZ5712,Harpochloa falx,Poaceae,grass,2600,0.13977861204961414,0.4589618251853536
FFC7215,Themeda triandra,Poaceae,grass,2800,-0.4873037197616229,-0.27076556516403427
FFD9944,Harpochloa falx,Poaceae,grass,2600,-0.07639881621326079,-0.3304017717482273
FFG0527,Harpochloa falx,Poaceae,grass,2200,0.06216424504835712,0.39437585486251236
FFH9263,Themeda triandra,Poaceae,grass,2800,-0.5076912844002519,-0.31174825904015785
FFK2932,Harpochloa falx,Poaceae,grass,2200,0.1076464024193167,0.3969634935331645
FFL3841,Harpochloa falx,Poaceae,grass,2200,0.11572860988155548,0.15974987420207482
FFP1160,Harpochloa falx,Poaceae,grass,2800,0.05035127003605712,0.10439682801722461
FFS2715,Harpochloa falx,Poaceae,grass,2200,0.10150534397005069,0.14528186128955878
FFT9800,Senecio glaberrimus,Asteraceae,forb,2400,0.3375588910672897,-0.1449402570774845
FFU7165,Senecio glaberrimus,Asteraceae,forb,2400,0.3587092656294978,-0.17914280471560096
FFW6775,Harpochloa falx,Poaceae,grass,2200,0.15995135599245175,0.5345692440985269
FFX9242,Harpochloa falx,Poaceae,grass,2800,-0.050513818047831664,-0.2077200002368296
FFY6725,Eragrostis capensis,Poaceae,grass,2600,-0.40492066708816654,0.28047248038639006
FGA6390,Eragrostis capensis,Poaceae,grass,2400,-0.4646082865226799,0.1802876185647275
FGB1616,Eragrostis capensis,Poaceae,grass,2400,-0.36642121166844704,0.1324432864910782
FGC0245,Helichrysum pilosellum,Asteraceae,forb,2400,0.40290461638363995,0.090090135383684
FGE4515,Eragrostis capensis,Poaceae,grass,2400,-0.3023082073601888,0.3101816786603282
FGF3594,Harpochloa falx,Poaceae,grass,2800,-0.019314764136234737,0.05384054242996231
FGG8281,Eragrostis capensis,Poaceae,grass,2600,-0.4025616711179971,0.2811064156091107
FGI9956,Harpochloa falx,Poaceae,grass,2400,0.05173916737560105,-0.05800908238864272
FGJ9233,Eragrostis capensis,Poaceae,grass,2400,-0.41074028638117027,0.3126651055525252
FGK3505,Harpochloa falx,Poaceae,grass,2600,-0.008034257254126109,-0.054942823239817355
FGM0803,Harpochloa falx,Poaceae,grass,2800,0.04826990210170033,0.22591971948084613
FGN0784,Harpochloa falx,Poaceae,grass,2800,-0.05354040414770387,-0.0366412966704568
FGO9191,Eragrostis capensis,Poaceae,grass,2600,0.19311819761123977,-2.0470624510653996
