id,species,family,growth_form,elevation_m_asl,PC1,PC2,PC3,PC4,PC5,PC6,PC7
FBC0289,Eragrostis capensis,Poaceae,grass,2200,-0.7810031241224009,-0.10488570011058318,-0.028105501378247938,-0.38880016135292533,1.3370005819214708,-0.9072928737128844,1.3824243200129345
FBD8952,Senecio glaberrimus,Asteraceae,forb,2800,0.5511363714265739,0.49411499396110975,0.5945652435167844,1.2622789968890284,-0.04134183106494355,-0.5134972181998435,0.6679547569331222
FBE2394,Senecio glaberrimus,Asteraceae,forb,2400,0.1207290071751203,-0.44445726796735585,0.27079252684669586,0.42209888687029223,-0.8658479009251232,0.25179923833659573,0.682359263688373
FBF4179,Themeda triandra,Poaceae,grass,2800,-0.9071299048694881,0.2929304911954012,0.5419727550172729,-0.3480393975915352,-0.1384045075173437,1.7348965273668906,0.25657818548817674
FBG3400,Themeda triandra,Poaceae,grass,2200,-0.6133290774488902,1.3686025083371314,-0.23708807063103798,-1.2148042607025753,-0.9464326632433333,-0.6130477078834697,-0.25136384652956145
FBH8238,Senecio glaberrimus,Asteraceae,forb,2800,0.04635682202651612,-1.0449506419478187,0.35224484046714427,0.8167192943447438,-0.4792487198790818,0.7141614847357286,0.16962294484381107
FBI0246,Helichrysum pilosellum,Asteraceae,forb,2800,0.024842278033718298,-1.3105528643654787,-0.38684884795361546,-0.004529958554781752,0.3069704081517661,1.3461440634964583,0.29982214552900965
FBJ6221,Helichrysum pilosellum,Asteraceae,forb,2800,0.43180685262328206,-0.36018013268715604,-0.4511657502985766,-0.9835090819969111,0.046500694888546225,0.30565141447314953,0.25779354398170434
FBK1070,Themeda triandra,Poaceae,grass,2200,-0.9492807038896267,1.1317658124308998,-0.3124734084888115,0.27862082506140806,-0.4987795202679452,-0.15462447842788532,-0.4290331711772075
FBM2759,Senecio glaberrimus,Asteraceae,forb,2800,0.2912021982544391,0.4105976546906662,0.26378798354703037,-0.10166655223446751,-0.1721673153121895,1.2093906141465984,0.8175311172942034
FBN8285,Helichrysum pilosellum,Asteraceae,forb,2800,0.6051680945284958,-0.9362212474069982,-0.35289234223780586,0.13071270311393438,0.076110498468518,-0.29419506789542743,-0.8656440707405972
FBO8536,Themeda triandra,Poaceae,grass,2200,-0.6670618085614453,0.7813162478361608,-0.044375860727459804,0.16560951240027896,-0.3859410583537471,0.17871720275721223,0.08510196259775746
FBP4231,Senecio glaberrimus,Asteraceae,forb,2800,0.4166727958560899,-0.18237393748124917,0.6732732084015692,-0.5204337140031575,-0.13955386133156097,1.0324687324992339,0.3535350273855809
FBQ2034,Helichrysum pilosellum,Asteraceae,forb,2800,1.1023560113918838,0.36916802548580246,0.2295266016998497,0.5071957383735265,1.1506899779770148,0.9041273076441898,-1.1064371459135942
FBR3362,Helichrysum pilosellum,Asteraceae,forb,2800,0.40075812643280295,-0.2167190410020154,-0.36458429180243485,-0.6065885389681441,-0.03928345627224909,0.6729693776073266,-0.0017719782478858182
FBS3237,Themeda triandra,Poaceae,grass,2200,-0.7118735859048638,0.6168164944843368,0.07876136587577277,-0.3172570996619788,-0.7012741863004023,-0.4570945162449269,-0.17255742615549405
FBT2327,Helichrysum pilosellum,Asteraceae,forb,2200,0.7448673671499794,-0.20581843096234642,-0.2960768020166433,-0.07263114452209167,-0.16708755762372404,-0.18811703342517694,0.20425806023017887
FBU8395,Senecio glaberrimus,Asteraceae,forb,2600,0.4466311439512523,0.36496295866596096,-0.04911007868288028,0.7121310245749084,-0.08414618145271337,0.5848340214890534,0.6582094452638754
FBW8179,Eragrostis capensis,Poaceae,grass,2200,-0.4835842805012626,0.5561090022036352,0.3400064710632053,-0.2733419948158084,-0.03260071265720992,-0.4894204908123266,-0.7951434913674402
FBX4690,Helichrysum pilosellum,Asteraceae,forb,2200,0.6757741039312773,0.039496844044571114,-0.11367277408969656,0.6824498245402829,0.19160516057365112,0.5287298145933693,0.5419915061349352
FBY9580,Senecio glaberrimus,Asteraceae,forb,2600,0.2654551967855133,-0.22975031074805813,-0.12266141881767158,-0.33617859956458973,-0.6004297641359206,0.46575983148257516,0.5176531225641297
FBZ6377,Senecio glaberrimus,Asteraceae,forb,2600,0.2527105270729799,-7.970576377802338e-4,0.2948186084413646,-0.05881575835984914,-0.3927627743823977,0.48297702617014987,0.444442015071166
FCA5827,Eragrostis capensis,Poaceae,grass,2200,-0.35546334281520886,-0.6101537021161585,-1.1276261432973265,-0.30962648595026976,-0.7129484775645086,-0.27660468342312267,-0.16533914132610492
FCB1397,Senecio glaberrimus,Asteraceae,forb,2200,0.025725022436246293,-1.6335461122421744,-0.36294200165977464,0.3828543646255288,-1.4678662073699495,-0.8393595107931636,-0.1098450141131578
FCC1836,Helichrysum pilosellum,Asteraceae,forb,2600,0.7322298854312947,-0.7334380921394116,-0.145559377746878,-0.27139613391000494,0.23747751909156126,-0.021012820132579532,-0.6014891746931396
FCD2673,Senecio glaberrimus,Asteraceae,forb,2600,0.23055472207509745,0.3401242994262852,-0.20600138769348142,0.44208961677269953,-0.6259747806488825,0.3672620571420095,0.827810166191902
FCE1581,Eragrostis capensis,Poaceae,grass,2200,0.05807498034521688,-0.12010925590936043,1.2499170660512355,-0.7497031001770731,0.090047878168159,-0.2607435202925394,-1.1175640820111348
FCF2601,Senecio glaberrimus,Asteraceae,forb,2200,0.6078280575973771,-0.2520081966636986,1.5197995420834909,-0.0304363241440223,-0.0387310339673712,0.5190533296135593,0.09127625539353125
FCG9760,Senecio glaberrimus,Asteraceae,forb,2400,0.5810116202273843,0.3210384271461898,1.1477508314585636,0.7177158590742025,0.6850705277534643,-1.1984749096679637,-0.3454966705314691
FCH5965,Themeda triandra,Poaceae,grass,2800,-0.6560278291968159,-0.40239423788171097,0.4232627510619886,0.3071113562736072,-0.19446954265582736,0.18026669979523469,-1.051836344220984
FCI1638,Eragrostis capensis,Poaceae,grass,2200,-0.43075859572591135,-0.20703072887906634,-1.7731550124999957,-0.4991235270754123,-0.7322482657333441,0.42987400192597347,0.38707956008588834
FCJ1591,Senecio glaberrimus,Asteraceae,forb,2200,0.5198883875147036,0.060507626037738446,0.5596912976065116,0.26001226057176186,-0.1691609826703079,0.041687016204664536,0.2566487746386912
FCK8784,Helichrysum pilosellum,Asteraceae,forb,2600,0.7162713313817916,0.14987472100012142,-1.3747450406747588,-0.009803825305361502,0.27167294363886246,0.1421349189754227,-0.08114461734439304
FCL0130,Senecio glaberrimus,Asteraceae,forb,2600,0.29633700147587394,-0.24688671032372358,0.2402393353212434,0.38054347693887014,-0.31111341012377847,0.432270382306967,-0.09440472885853898
FCM1008,Themeda triandra,Poaceae,grass,2200,-0.7478633786511132,0.6842983631255102,0.0042443936142278725,-0.5907809267547406,-0.7791143184682773,-0.2265963817539604,-0.3388612068642721
FCN7125,Senecio glaberrimus,Asteraceae,forb,2200,0.6280358598965167,0.3341825055005621,0.5964132867041287,-0.040162586238583736,-0.47504605293825714,-0.5722048607849953,0.4236534997230381
FCO4501,Helichrysum pilosellum,Asteraceae,forb,2600,0.8865688042991312,-0.5485966922274002,-0.43281759513792845,0.44785729843362293,0.30652572340796264,-0.2715500410724724,-1.1706209765399294
FCP0847,Themeda triandra,Poaceae,grass,2600,-0.3945892417159906,-0.2182520535603163,0.5087975323841464,0.5515384487987989,-0.3359576302322785,-0.535646052994114,0.24456082707084215
FCQ4012,Helichrysum pilosellum,Asteraceae,forb,2200,1.0298582388248234,1.0278695107291518,-0.7653436328749753,-1.0377002976142646,0.6590815140093408,-0.02754734110389486,0.7320153078464104
FCR0255,Helichrysum pilosellum,Asteraceae,forb,2200,0.8127927403189829,-0.3267005861760254,-0.26040587013325234,-1.4853901962696368,-0.8120514518745932,-0.33917919604042274,1.0312014070459044
FCS7407,Helichrysum pilosellum,Asteraceae,forb,2600,0.8045314936310575,0.4275087303234204,-0.9100393373378429,0.18536412307721428,0.5026399910065432,0.02805854674251107,-0.4239613960760242
FCT4052,Themeda triandra,Poaceae,grass,2600,-0.8255821396754173,-0.0029101608205808725,0.09634958356556304,-0.29983976140980484,0.40549813902917303,0.15917750360182117,-0.43546194030132407
FCU3875,Senecio glaberrimus,Asteraceae,forb,2200,0.7639280122254484,0.3148843574687294,0.5849109811805344,-0.42810162500168325,-0.14252129390221716,-0.6136337086070356,0.14719736402351327
FCV8597,Helichrysum pilosellum,Asteraceae,forb,2200,0.7421872448444654,0.0576301826097916,-0.08043128169338684,-0.09478969461469114,0.612001482843651,0.7222179229265575,0.03345163449023262
FCW1015,Helichrysum pilosellum,Asteraceae,forb,2600,0.9354761014187275,-0.25250350932561877,0.22535755144185854,-0.8778519985225602,0.202983476297745,-0.09831951413053,0.12911295854282925
FCX5914,Themeda triandra,Poaceae,grass,2600,-0.7701911407225621,-0.1217850620095825,-0.25228910515804964,0.03485729051752997,-0.3208167206823739,0.2456122182966005,-0.9776146236294152
FDB8375,Harpochloa falx,Poaceae,grass,2600,-0.20627678258837487,-0.8342746827423347,-0.5410085497764952,0.3601342082500429,0.30523603601752103,-0.002043745658314606,0.39370076689962274
FDF3034,Harpochloa falx,Poaceae,grass,2400,0.2855800056360364,0.48200556508735537,0.16380166948241384,0.38234483968613014,-0.02333547813878608,-0.1553722067812101,-0.43849359077995226
FDJ1565,Harpochloa falx,Poaceae,grass,2400,0.3068299229232759,1.2625840016203478,-0.10242848401090385,-0.2463414079328109,0.028244077260964322,-0.36000036354915416,-0.5368376972905214
FDN1018,Harpochloa falx,Poaceae,grass,2400,0.3490746868698036,1.1558773537036233,0.2613411028415031,-0.560411601183482,-0.1355851564384007,0.07833776446217111,-0.07201971192693689
FDR6843,Themeda triandra,Poaceae,grass,2400,-0.9354858691355368,0.1910182042490381,-0.016432634307244873,0.6135754594468192,-0.16501170441980925,0.0661105186712193,0.2715622488268394
FDV4335,Themeda triandra,Poaceae,grass,2400,-1.0453304423063887,0.18134365516195752,-0.1495297719683966,0.43349973843197764,0.5132495829066263,0.44689054107447246,-0.21971585841735858
FDY4037,Helichrysum pilosellum,Asteraceae,forb,2400,0.6854633470316734,-0.6400499576736142,-0.7418536833695961,-0.057374086768484586,0.0028118598837924267,-0.43011871634823196,-0.4124335607960516
FDZ1151,Themeda triandra,Poaceae,grass,2400,-0.7583928447770316,-0.16255108763428547,-0.20447813551914884,0.6824665766158213,0.22254290760518394,0.1842296034263729,1.1590046046447728
FEC6189,Eragrostis capensis,Poaceae,grass,2400,-0.488299074594391,-0.5366539153786862,-0.2210655287779305,0.4594858427976173,0.7122418765573885,-0.8462767011751766,-0.33277359724223043
FED1194,Themeda triandra,Poaceae,grass,2400,-0.7687756576539149,1.1639848197725018,-0.4129923940800965,-0.0487278501992216,-0.5106862576691443,0.12924531078300833,-0.4407160327817022
FEG8108,Senecio glaberrimus,Asteraceae,forb,2400,0.4141800801006007,-0.1761340812590645,-0.07248960311979821,0.6703786763234177,-0.7758218877118661,-0.7449829238546226,0.5181665735379316
FEH0081,Themeda triandra,Poaceae,grass,2400,-0.7341422552755259,0.04350187718935361,0.056227694142320025,0.22879557164402098,-0.9631518188016832,0.2742053669897047,0.2181465177501712
FEL2208,Eragrostis capensis,Poaceae,grass,2600,-0.731111717031417,-0.42902230860691076,-0.266318471842624,0.1476721538223747,1.0469584373313687,-0.19576401178656486,0.11456708429039936
FEO1874,Helichrysum pilosellum,Asteraceae,forb,2400,0.7552986828115814,-0.167066083829986,-0.8199185902481373,-0.43842775308528376,-0.13086550173750605,-0.0505928486834729,-0.34151854968936485
FEP9413,Themeda triandra,Poaceae,grass,2600,-0.9436490186994041,-0.35462880024682875,0.022881783706430837,0.045308126937652876,0.8626445250993416,0.08562407409003238,1.0048147716809719
FES3675,Harpochloa falx,Poaceae,grass,2400,0.2737860446096983,-0.019859086218430456,0.3834171781562856,-0.30144802621487354,-0.47185923148411474,-0.9872981439881444,-0.38772942997682003
FET3274,Themeda triandra,Poaceae,grass,2800,-0.9305194509704781,-0.3435648605090882,-0.49104934351395446,0.32321830668809753,0.007490212888255382,0.1960671876887799,-0.17612454256620608
FEU2975,Helichrysum pilosellum,Asteraceae,forb,2400,0.9769666709006934,0.7307714255531118,-0.3005418374730889,0.14494278553412956,0.8535120683802401,-0.10947829548570603,-0.8590454731853465
FEV1588,Harpochloa falx,Poaceae,grass,2600,-0.24780528285485887,-0.3647096942753635,-0.009783557764563798,-0.25772856904612307,0.4256569061300967,0.826175773314049,0.2925747229037034
FEY3832,Eragrostis capensis,Poaceae,grass,2600,-0.42017454043610825,-0.2671624663442435,-0.2751983983832541,0.06724473298057168,0.7350730977143597,-0.697550117817717,-0.8611065313413483
FEZ5712,Harpochloa falx,Poaceae,grass,2600,0.010080515154963596,-0.21221514075139014,0.6299264363139705,0.414653449860979,1.1677927257004235,0.604313004577488,-0.15081147145376925
FFC7215,Themeda triandra,Poaceae,grass,2800,-0.7850893651236671,0.05113284491233774,0.48148214614415824,-0.21248509419463468,-0.5209179682518168,0.34001377107938496,-0.21919728210354836
FFD9944,Harpochloa falx,Poaceae,grass,2600,-0.597998451672406,-1.4028805536911548,-0.1184645980439033,-0.4940253273119771,0.7902712240032994,-0.8061109871941485,0.45586336677575406
FFG0527,Harpochloa falx,Poaceae,grass,2200,-0.06568259019756957,0.0019880351823332323,-0.41352303022210396,1.0207782093000817,-0.08152632310799914,-0.6556291427843175,0.4616503513156893
FFH9263,Themeda triandra,Poaceae,grass,2800,-0.6594683179187174,0.2978128911082864,1.1618802432317625,-0.03714135801966636,1.1347348275277258,0.32098439784607985,-0.45135015945887624
FFK2932,Harpochloa falx,Poaceae,grass,2200,0.3180730139719383,1.126183313982773,-0.7985135644468903,0.6720547805379691,0.32434228968938056,0.29293479397880523,-0.08000938926854859
FFL3841,Harpochloa falx,Poaceae,grass,2200,0.03002369305293004,0.6165313067809624,0.06954920954559998,1.639455631226103,-0.7568354079982229,-0.5984444299549502,1.1527844152070006
FFP1160,Harpochloa falx,Poaceae,grass,2800,-0.015924252385406717,-0.34144703189936987,0.19111082627074127,-0.32341586114947024,-0.3066635741940435,0.6342824680868134,-0.4983764882547291
FFS2715,Harpochloa falx,Poaceae,grass,2200,0.11379318841049477,0.5842912050377622,-1.1310613413737716,0.4887621149643191,0.18859986686429323,0.24138280353115618,0.07638174425945471
FFT9800,Senecio glaberrimus,Asteraceae,forb,2400,0.5591960455895583,-0.5324379003890275,1.2621158572932183,0.5034364046529338,-0.37013353705864177,-1.215704117161283,-0.202633069286206
FFU7165,Senecio glaberrimus,Asteraceae,forb,2400,0.4119295229044373,-0.4699069665852104,1.7552752530433309,-0.6776929145474733,-0.796718326517226,-0.39764604828915256,1.0231284617660754
FFW6775,Harpochloa falx,Poaceae,grass,2200,0.21468762150540302,0.5027923973951027,-0.219827159793709,1.3775486836608024,-0.23819332524834108,-0.47660599200763887,0.23636328092433231
FFX9242,Harpochloa falx,Poaceae,grass,2800,-0.20144786757220348,-0.046330675615258075,0.6805733142037883,-0.23856943096336158,0.022207984935544427,1.277046383516512,0.0785613143402255
FFY6725,Eragrostis capensis,Poaceae,grass,2600,-0.689568025778882,-0.735713556419824,0.05422414456915454,0.031009189489686985,0.40175379990033483,-0.4641163078778134,-0.28541062026851205
FGA6390,Eragrostis capensis,Poaceae,grass,2400,-0.5248701724513823,0.3045020864918614,0.3765919340180197,-1.550518955170705,0.1035778838103513,-0.5898541572087718,0.18171956186772795
FGB1616,Eragrostis capensis,Poaceae,grass,2400,-0.706131873396481,0.2894750931840939,0.1209543947457276,-0.8339751450654564,2.080311233946965,-1.267379648784451,1.4972729135831744
FGC0245,Helichrysum pilosellum,Asteraceae,forb,2400,0.46559925204465197,-0.563697193458064,-0.6741573314759768,-0.9053153277848082,0.4134863684168011,-0.5218530737812237,0.553888459731708
FGE4515,Eragrostis capensis,Poaceae,grass,2400,-0.2411913590517529,0.40468650199752937,-0.15797997611530265,-0.2487513075489321,0.21440470154427532,0.036578873275471255,-0.45582366731278073
FGF3594,Harpochloa falx,Poaceae,grass,2800,-0.028964916231809155,-0.08135416509052254,-0.08449552598564904,0.0751040115625483,-0.40665149590574584,0.3937937575204462,-0.43783379031603625
FGG8281,Eragrostis capensis,Poaceae,grass,2600,-0.518220879270398,0.16759497133274548,0.30614735358389245,0.37288588614248214,0.020667541901168356,-0.08175070085130559,-0.06667725470168433
FGI9956,Harpochloa falx,Poaceae,grass,2400,0.3869510717730161,0.8024825468678862,0.2882219480515519,0.502472232790573,0.23282826998110093,-0.031880038851299176,-0.4182267032438573
FGJ9233,Eragrostis capensis,Poaceae,grass,2400,-0.5006994514395763,-0.9788766872665994,-0.4396902335754886,0.11128135674252612,-0.59482003504248,-0.6475716223198363,-1.312312801333096
FGK3505,Harpochloa falx,Poaceae,grass,2600,0.06271946305348615,0.38374688476021335,-0.6354094532838119,-0.6809161767880848,-0.4292675326426597,-0.1553090664366193,0.19272090932923935
FGM0803,Harpochloa falx,Poaceae,grass,2800,0.06859338863191661,0.2609762200042452,-0.33709629508808203,0.29946332818474075,0.3594590194584575,0.037385317487402675,-0.13880272163976465
FGN0784,Harpochloa falx,Poaceae,grass,2800,-0.3130854910924757,-0.5213609137758373,0.17682505077709604,0.3866601189055956,0.5872557042019387,0.8965592134087874,-0.27606739316674683
FGO9191,Eragrostis capensis,Poaceae,grass,2600,-0.08454851385306981,-0.25416341582584956,0.8466871291213006,-1.0778243801404743,-0.3578648049642941,0.34509315689186043,-0.9185188072628641
