id,species,family,growth_form,elevation_m_asl,PC1,PC2,PC3
FBC0289,Eragrostis capensis,Poaceae,grass,2200,-0.020807973509972287,-0.13499573972073217,0.3537687416382775
FBD8952,Senecio glaberrimus,Asteraceae,forb,2800,0.086136204979204,0.47081204803061244,-0.571582225135004
FBE2394,Senecio glaberrimus,Asteraceae,forb,2400,-0.46409732073719134,0.10937525235671845,0.6072512788018726
FBF4179,Themeda triandra,Poaceae,grass,2800,0.20182357063340153,-0.1521350525280592,0.3586478233799086
FBG3400,Themeda triandra,Poaceae,grass,2200,1.0919292449257019,-0.9964846134012362,0.7248588679657183
FBH8238,Senecio glaberrimus,Asteraceae,forb,2800,-0.7127124176507411,0.39171887446064657,0.23359531807433545
FBI0246,Helichrysum pilosellum,Asteraceae,forb,2800,-0.6654892107604853,-0.002130993943089197,0.20708446906817202
FBJ6221,Helichrysum pilosellum,Asteraceae,forb,2800,-0.0028528294490331057,-0.3379498577396418,0.4208400542210434
FBK1070,Themeda triandra,Poaceae,grass,2200,0.1179976056697216,-0.4496139929306902,-0.0949413495459561
FBM2759,Senecio glaberrimus,Asteraceae,forb,2800,0.35235775932449165,-0.16693244391857973,0.16302184705267495
FBN8285,Helichrysum pilosellum,Asteraceae,forb,2800,-0.6078583667508435,0.442130471366543,0.15618337301975216
FBO8536,Themeda triandra,Poaceae,grass,2200,0.15565589416164466,-0.35511371011521736,-0.017598321581785425
FBP4231,Senecio glaberrimus,Asteraceae,forb,2800,0.2410645649696039,0.27817448242716913,0.5533437552952657
FBQ2034,Helichrysum pilosellum,Asteraceae,forb,2800,0.4278080687265144,0.9615694684664611,-0.932453705829029
FBR3362,Helichrysum pilosellum,Asteraceae,forb,2800,-0.1428357674332051,-0.21141824228042602,0.4222524433397604
FBS3237,Themeda triandra,Poaceae,grass,2200,0.18205256730809455,-0.41791278392641024,0.20290329253129746
FBT2327,Helichrysum pilosellum,Asteraceae,forb,2200,-0.13712304108313333,0.02594806233541215,0.0348934704144569
FBU8395,Senecio glaberrimus,Asteraceae,forb,2600,0.04787809688952762,-0.09921004196783337,-0.6584199400889923
FBW8179,Eragrostis capensis,Poaceae,grass,2200,0.2735532393653903,0.159246270327891,0.17477465120897231
FBX4690,Helichrysum pilosellum,Asteraceae,forb,2200,-0.1713651923028479,0.24635672021723648,-0.37297944937640903
FBY9580,Senecio glaberrimus,Asteraceae,forb,2600,-0.13318855533157473,-0.30377062466157073,0.3810057541802459
FBZ6377,Senecio glaberrimus,Asteraceae,forb,2600,0.06323789941745067,0.016882007980117512,0.19616563527072958
FCA5827,Eragrostis capensis,Poaceae,grass,2200,-0.6894926937103646,-0.7302742952732243,0.39511623280808056
FCB1397,Senecio glaberrimus,Asteraceae,forb,2200,-0.8250115249342377,-0.2097969709240961,0.5062033290734277
FCC1836,Helichrysum pilosellum,Asteraceae,forb,2600,-0.21489662365030507,0.3758589029266005,0.008677550575323344
FCD2673,Senecio glaberrimus,Asteraceae,forb,2600,-0.005866296488687068,-0.46328971306696526,-0.39887475536209294
FCE1581,Eragrostis capensis,Poaceae,grass,2200,0.30305231291949136,0.910215313902431,0.9109783557144571
FCF2601,Senecio glaberrimus,Asteraceae,forb,2200,0.43463513685649396,0.9862784675886497,0.21742977371758812
FCG9760,Senecio glaberrimus,Asteraceae,forb,2400,0.23759980646283166,1.29708917425285,0.11732903414263425
FCH5965,Themeda triandra,Poaceae,grass,2800,-0.28703826767783575,0.3799986964956044,-0.04994700158512323
FCI1638,Eragrostis capensis,Poaceae,grass,2200,-0.47781864103131383,-1.5978355386529544,-0.3530202980638893
FCJ1591,Senecio glaberrimus,Asteraceae,forb,2200,0.19259829152237454,0.3937594361225102,-0.12103298409422975
FCK8784,Helichrysum pilosellum,Asteraceae,forb,2600,-0.11078083903002049,-0.627675883521212,-0.9363649309350022
FCL0130,Senecio glaberrimus,Asteraceae,forb,2600,-0.15419166393792855,0.15813878327186193,-0.2995481925976758
FCM1008,Themeda triandra,Poaceae,grass,2200,0.20025345506655198,-0.5232180258844064,0.4599973051720195
FCN7125,Senecio glaberrimus,Asteraceae,forb,2200,0.4112805528496413,0.2535161725779324,0.19886747598301613
FCO4501,Helichrysum pilosellum,Asteraceae,forb,2600,-0.35152640624145837,0.5150352300036664,-0.6615002529185243
FCP0847,Themeda triandra,Poaceae,grass,2600,-0.22979602743500946,0.17255759885208075,-0.03909952380706729
FCQ4012,Helichrysum pilosellum,Asteraceae,forb,2200,1.676839923842488,-0.7989233641377137,-0.3185977173408191
FCR0255,Helichrysum pilosellum,Asteraceae,forb,2200,0.15275203707284554,-0.5568022017826503,1.0983067116123937
FCS7407,Helichrysum pilosellum,Asteraceae,forb,2600,0.019432587999350832,-0.16165170730828615,-0.7080010808174472
FCT4052,Themeda triandra,Poaceae,grass,2600,-0.044751135197291486,-0.009312249831627,0.04451847411643373
FCU3875,Senecio glaberrimus,Asteraceae,forb,2200,0.6281827040037541,0.34409601226571274,0.12116838143118377
FCV8597,Helichrysum pilosellum,Asteraceae,forb,2200,0.22739730827994536,0.24274096826681948,-0.4118648983730791
FCW1015,Helichrysum pilosellum,Asteraceae,forb,2600,0.32691845494173155,0.21288328202719892,0.36227006271970974
FCX5914,Themeda triandra,Poaceae,grass,2600,-0.4150303907004268,-0.1793301557013673,-0.008563181306801159
FDB8375,Harpochloa falx,Poaceae,grass,2600,-0.5632002643659936,-0.20348039551818733,-0.26057108679740076
FDF3034,Harpochloa falx,Poaceae,grass,2400,0.18006581465172533,0.23288909238429367,-0.3812474051295506
FDJ1565,Harpochloa falx,Poaceae,grass,2400,1.063204385271008,-0.3347910920349006,-0.2970112459653462
FDN1018,Harpochloa falx,Poaceae,grass,2400,1.5666825954423607,-0.349963576081003,-0.0862010896298072
FDR6843,Themeda triandra,Poaceae,grass,2400,-0.3228986810807521,-0.21192862491103348,-0.21109433528758703
FDV4335,Themeda triandra,Poaceae,grass,2400,-0.33835296995322006,-0.10370831224065341,-0.3104666334359302
FDY4037,Helichrysum pilosellum,Asteraceae,forb,2400,-0.5165508206827155,0.024065902080291704,0.04244432824047153
FDZ1151,Themeda triandra,Poaceae,grass,2400,-0.4672753799103462,-0.23373614832572817,-0.07409563577552637
FEC6189,Eragrostis capensis,Poaceae,grass,2400,-0.5493907316656306,0.23455657072985547,-0.19957747471276488
FED1194,Themeda triandra,Poaceae,grass,2400,0.26786912019557774,-0.6580310234869196,-0.10594230168449675
FEG8108,Senecio glaberrimus,Asteraceae,forb,2400,-0.40245176833993834,-0.030943702235534453,0.00872264024303993
FEH0081,Themeda triandra,Poaceae,grass,2400,-0.27491925970612296,-0.3813071760417108,0.18091549184800285
FEL2208,Eragrostis capensis,Poaceae,grass,2600,-0.39604784982175995,0.013753477492424447,-0.1922793036230718
FEO1874,Helichrysum pilosellum,Asteraceae,forb,2400,-0.22591435723063258,-0.2245519734776523,0.1281309036508463
FEP9413,Themeda triandra,Poaceae,grass,2600,-0.27578816063837597,-0.2070510213111628,8.656247348364935e-4
FES3675,Harpochloa falx,Poaceae,grass,2400,0.06019872570959628,0.30355277480053927,0.5128917640880515
FET3274,Themeda triandra,Poaceae,grass,2800,-0.5067619922129375,-0.44088255246220975,-0.39036413753648114
FEU2975,Helichrysum pilosellum,Asteraceae,forb,2400,0.6351259475986721,0.3262662374271187,-0.8317496176565382
FEV1588,Harpochloa falx,Poaceae,grass,2600,-0.07458886042085494,-0.08109767174618764,-0.035050141897449955
FEY3832,Eragrostis capensis,Poaceae,grass,2600,-0.3111104428286651,0.1878318192554418,-0.27707626789840456
FEZ5712,Harpochloa falx,Poaceae,grass,2600,0.08533144754661806,0.8193452123010145,-0.405218940003877
FFC7215,Themeda triandra,Poaceae,grass,2800,0.00908536526730891,-0.1074422515390692,0.2414069127544258
FFD9944,Harpochloa falx,Poaceae,grass,2600,-0.597348403534591,0.04035723317996149,0.7482289030852355
FFG0527,Harpochloa falx,Poaceae,grass,2200,-0.5045943936271268,-0.050008794229353754,-0.364030680041792
FFH9263,Themeda triandra,Poaceae,grass,2800,0.47472162521496997,0.755086242391037,-0.24468695777288507
FFK2932,Harpochloa falx,Poaceae,grass,2200,0.437675718309827,-0.38131646070192143,-1.0592020083684919
FFL3841,Harpochloa falx,Poaceae,grass,2200,-0.24154908602348535,-0.08488184496011089,-0.5814641693436289
FFP1160,Harpochloa falx,Poaceae,grass,2800,-0.08088166591845261,0.11712935154854137,0.24277879782506728
FFS2715,Harpochloa falx,Poaceae,grass,2200,-0.13303809284566176,-0.6220173649243644,-0.8347625600742699
FFT9800,Senecio glaberrimus,Asteraceae,forb,2400,0.07677387625065715,1.0447505926992953,0.1483728403444163
FFU7165,Senecio glaberrimus,Asteraceae,forb,2400,0.49884367848178823,0.6742062064315985,1.1916891453685243
FFW6775,Harpochloa falx,Poaceae,grass,2200,-0.23680587870098307,0.12345900791444073,-0.7164135269767495
FFX9242,Harpochloa falx,Poaceae,grass,2800,0.21040019659219036,0.20223661765132273,0.11320101970434684
FFY6725,Eragrostis capensis,Poaceae,grass,2600,-0.47770757087102017,0.267581797073149,0.34997416407858956
FGA6390,Eragrostis capensis,Poaceae,grass,2400,0.6205367142513963,-0.2507493842995556,0.9511752684607703
FGB1616,Eragrostis capensis,Poaceae,grass,2400,0.5694796120827095,-0.11036856813243828,0.30559981993271684
FGC0245,Helichrysum pilosellum,Asteraceae,forb,2400,-0.23651569242925435,-0.32262915579612494,0.5285416136959994
FGE4515,Eragrostis capensis,Poaceae,grass,2400,0.21248113851141284,-0.09512253908439089,-0.1379124132584678
FGF3594,Harpochloa falx,Poaceae,grass,2800,-0.18549247644035452,-0.023062372286823046,-0.01782321279388119
FGG8281,Eragrostis capensis,Poaceae,grass,2600,-0.067796997034094,0.18347065879081562,-0.07958643480658095
FGI9956,Harpochloa falx,Poaceae,grass,2400,0.5813976277704396,0.296040547010036,-0.7623857363840293
FGJ9233,Eragrostis capensis,Poaceae,grass,2400,-0.7069809502826004,0.044260612878526465,0.26496505636592793
FGK3505,Harpochloa falx,Poaceae,grass,2600,0.14174022255238033,-0.7118732457878927,0.22451253074011465
FGM0803,Harpochloa falx,Poaceae,grass,2800,-0.08237437745806077,0.01964657681285555,-0.286760166125989
FGN0784,Harpochloa falx,Poaceae,grass,2800,-0.2812294115673771,0.3286139850222979,-0.36462276780677166
FGO9191,Eragrostis capensis,Poaceae,grass,2600,0.17804662074602262,0.12324124243532629,0.6461157718565643
