"species","elevation_m_asl","traits","mean","sd","min","max"
"Eragrostis capensis",2200,"bgb_agb",4.91607519203538,5.33276410668751,1.97015134529148,14.431829700963
"Eragrostis capensis",2200,"bi",0.4602242,0.066360873767605,0.387954,0.539956
"Eragrostis capensis",2200,"ldmc",0.300502675081767,0.0718294965548581,0.177777777777778,0.356089992242048
"Eragrostis capensis",2200,"rd",0.2835084,0.0344607618937829,0.23528,0.31962
"Eragrostis capensis",2200,"rdmc",387.984025749214,274.482421561847,37.3949579831933,792.134831460674
"Eragrostis capensis",2200,"rtd",0.183511203550635,0.0225181272009907,0.156877941162383,0.216888529080289
"Eragrostis capensis",2200,"sla",164.141179407021,43.8203185339284,122.24946695096,226.971677559913
"Eragrostis capensis",2200,"srl",76.0442922330792,25.9940924178808,49.5760971884984,112.319201654676
"Eragrostis capensis",2400,"bgb_agb",7.40149298582927,6.32294559751735,1.79850746268657,17.6785714285714
"Eragrostis capensis",2400,"bi",0.4234008,0.0669226711264576,0.351773,0.523094
"Eragrostis capensis",2400,"ldmc",0.328864149115041,0.0257299134949606,0.287270155586987,0.351010376843255
"Eragrostis capensis",2400,"rd",0.2914076,0.0549109109904398,0.232929,0.357461
"Eragrostis capensis",2400,"rdmc",336.088085507149,37.7841135628737,308.90868596882,402.107728337237
"Eragrostis capensis",2400,"rtd",0.182757226556827,0.0394099968183811,0.134412160674223,0.225516366031426
"Eragrostis capensis",2400,"sla",172.702540192743,12.6627536897336,153.701639866263,185.671191553545
"Eragrostis capensis",2400,"srl",77.5189373476913,48.0237645393703,37.0602669047619,149.007461715934
"Eragrostis capensis",2600,"bgb_agb",6.06502654105906,3.24356347529343,2.15,10.3252032520325
"Eragrostis capensis",2600,"bi",0.386891,0.0469426984471494,0.33675,0.450438
"Eragrostis capensis",2600,"ldmc",0.267625751150727,0.136916245516599,0.025,0.347021276595745
"Eragrostis capensis",2600,"rd",0.275313,0.0296767646484586,0.252074,0.324198
"Eragrostis capensis",2600,"rdmc",320.715283293437,55.5511072355304,249.687890137328,385.384615384615
"Eragrostis capensis",2600,"rtd",0.162209307223752,0.02539400126683,0.12547188210411,0.18547042371535
"Eragrostis capensis",2600,"sla",195.845762063259,40.8257236529834,169.000516084638,266.95
"Eragrostis capensis",2600,"srl",88.6120958511155,18.0231719009675,68.3187322257806,114.7053187
"Harpochloa falx",2200,"bgb_agb",2.32875180178701,1.3618435996591,1.2735674676525,4.39044943820225
"Harpochloa falx",2200,"bi",0.3199764,0.0357314811167967,0.280178,0.360544
"Harpochloa falx",2200,"ldmc",0.25361520052789,0.0144124957212548,0.237495359485212,0.268682460515378
"Harpochloa falx",2200,"rd",0.2593676,0.0207656738224407,0.235171,0.292101
"Harpochloa falx",2200,"rdmc",480.282489300749,88.5781762375159,400.59880239521,596.108949416342
"Harpochloa falx",2200,"rtd",0.298413569503715,0.0492508086147067,0.245679750055925,0.37480699402833
"Harpochloa falx",2200,"sla",111.284800315726,7.69659227912685,99.6726223504606,118.97866342026
"Harpochloa falx",2200,"srl",57.9455924717783,17.9593510042383,32.7006643854749,81.6735547085202
"Harpochloa falx",2400,"bgb_agb",0.970972985877882,0.467423740050276,0.245134309152324,1.43623426382047
"Harpochloa falx",2400,"bi",0.347763,0.0749199956853976,0.237927,0.42319
"Harpochloa falx",2400,"ldmc",0.209810451252061,0.032021059684229,0.155716586151369,0.235894258570838
"Harpochloa falx",2400,"rd",0.3190182,0.0258284630437043,0.293245,0.35809
"Harpochloa falx",2400,"rdmc",345.582663362785,68.9359591536812,227.439024390244,400.50505050505
"Harpochloa falx",2400,"rtd",0.277034795439915,0.0782045403697499,0.174937878879157,0.379438129607717
"Harpochloa falx",2400,"sla",154.98484700695,33.6291391398156,133.074690890739,213.626600906849
"Harpochloa falx",2400,"srl",39.5893818605772,18.6249075684483,21.0181153314294,65.8853774128686
"Harpochloa falx",2600,"bgb_agb",6.67577985530023,3.76654313643086,2.26548672566372,12.609375
"Harpochloa falx",2600,"bi",0.4006188,0.106663099986359,0.237464,0.501821
"Harpochloa falx",2600,"ldmc",0.242907622668744,0.0132022528688756,0.229980276134122,0.259758064516129
"Harpochloa falx",2600,"rd",0.27759,0.0275740375806663,0.246384,0.300633
"Harpochloa falx",2600,"rdmc",369.073780757567,113.550397596822,247.058823529412,489.751098096633
"Harpochloa falx",2600,"rtd",0.166164181435707,0.0450859127103625,0.118308520873511,0.238138799409253
"Harpochloa falx",2600,"sla",127.54293806905,24.8389813474866,103.725551071096,163.822184105203
"Harpochloa falx",2600,"srl",94.9787837830523,38.7171994904381,48.8572141106129,144.571468907563
"Harpochloa falx",2800,"bgb_agb",2.30803930940546,1.96319211339941,0.333333333333333,4.92148760330579
"Harpochloa falx",2800,"bi",0.3648284,0.0387531244908072,0.305995,0.406006
"Harpochloa falx",2800,"ldmc",0.248559345031689,0.00813816852680124,0.236070517281373,0.256215722120658
"Harpochloa falx",2800,"rd",0.2849986,0.0216853358816505,0.268579,0.319616
"Harpochloa falx",2800,"rdmc",349.247300393932,25.3018580211364,319.405594405594,376.223776223776
"Harpochloa falx",2800,"rtd",0.179394945661619,0.0527062279229608,0.143571769684886,0.268211501769168
"Harpochloa falx",2800,"sla",135.43571172059,13.1705456128188,120.342490189083,152.834823621892
"Harpochloa falx",2800,"srl",76.6113191820172,16.4983131197864,55.091588429368,99.269962102218
"Helichrysum pilosellum",2200,"bgb_agb",2.68100770647342,0.952062376952751,1.86253960516695,4.2786878866882
"Helichrysum pilosellum",2200,"bi",0.4015852,0.115281387423122,0.296277,0.588431
"Helichrysum pilosellum",2200,"ldmc",0.205546442060375,0.0192504317094608,0.173239792693718,0.222742674905322
"Helichrysum pilosellum",2200,"rd",0.3054392,0.0389102339134578,0.262245,0.360265
"Helichrysum pilosellum",2200,"rdmc",381.149405432819,58.5667477865038,339.53488372093,483.45035105316
"Helichrysum pilosellum",2200,"rtd",0.237491079915953,0.0839415646296418,0.149922164628686,0.370958188309782
"Helichrysum pilosellum",2200,"sla",91.5726391409322,4.5221550615143,87.9328859060403,96.7030397505846
"Helichrysum pilosellum",2200,"srl",54.48486835822,19.9689207896047,20.0596486514523,68.8438966049383
"Helichrysum pilosellum",2400,"bgb_agb",3.33015422077922,2.81090333380334,1.28571428571429,7.44318181818182
"Helichrysum pilosellum",2400,"bi",0.39469825,0.116595389869912,0.22993,0.501972
"Helichrysum pilosellum",2400,"ldmc",0.187487001319349,0.00724517458086492,0.176808417360807,0.192584344727759
"Helichrysum pilosellum",2400,"rd",0.27156925,0.0290482379084056,0.239963,0.30989
"Helichrysum pilosellum",2400,"rdmc",359.003115534573,19.153654586568,333.139534883721,378.602620087336
"Helichrysum pilosellum",2400,"rtd",0.239909762986826,0.0626599969521431,0.18842071699242,0.327418341804468
"Helichrysum pilosellum",2400,"sla",96.6487662740071,9.42878088520882,86.4708603145236,109.048022257167
"Helichrysum pilosellum",2400,"srl",65.7332583670435,25.0857222090129,32.4563747201493,92.3830003490402
"Helichrysum pilosellum",2600,"bgb_agb",2.43100626679298,0.764808508460149,1.125,3.13366336633663
"Helichrysum pilosellum",2600,"bi",0.32734,0.05559624682926,0.248926,0.400891
"Helichrysum pilosellum",2600,"ldmc",0.175014252146228,0.0396684445791076,0.117912371134021,0.21525988449578
"Helichrysum pilosellum",2600,"rd",0.282052,0.0263727215319163,0.255907,0.326452
"Helichrysum pilosellum",2600,"rdmc",405.101787914045,152.314877384845,285.62874251497,640.740740740741
"Helichrysum pilosellum",2600,"rtd",0.20906370379208,0.0722913309679232,0.145716473375365,0.323110283228574
"Helichrysum pilosellum",2600,"sla",92.3378183856204,11.6992185810733,79.6357012750455,110.936120105976
"Helichrysum pilosellum",2600,"srl",73.0377333976251,23.5190214610705,47.9949903963415,99.4130509127789
"Helichrysum pilosellum",2800,"bgb_agb",2.87813155278704,1.70324219725301,0.661290322580645,5.23076923076923
"Helichrysum pilosellum",2800,"bi",0.384579,0.136444067600977,0.15076,0.478693
"Helichrysum pilosellum",2800,"ldmc",0.181863089929492,0.0246208325569463,0.141227465274357,0.200949878738884
"Helichrysum pilosellum",2800,"rd",0.2668578,0.0323491125952475,0.231434,0.297983
"Helichrysum pilosellum",2800,"rdmc",304.016019695034,70.2470234015347,219.758064516129,392.571428571429
"Helichrysum pilosellum",2800,"rtd",0.207201369680075,0.0553011973093148,0.152079638211972,0.289327584271416
"Helichrysum pilosellum",2800,"sla",99.0987644349254,10.3318002120748,89.7515840289651,114.229910714286
"Helichrysum pilosellum",2800,"srl",82.8337310955085,39.1015496882281,40.1584540709812,134.124225096899
"Senecio glaberrimus",2200,"bgb_agb",1.02501619292743,0.229041895971032,0.728243908294323,1.22140492828246
"Senecio glaberrimus",2200,"bi",0.3648302,0.082303173895057,0.287486,0.500665
"Senecio glaberrimus",2200,"ldmc",0.185690594716547,0.0258455641468682,0.146015424164524,0.216449421700018
"Senecio glaberrimus",2200,"rd",0.3136076,0.0500334157768586,0.230123,0.354316
"Senecio glaberrimus",2200,"rdmc",279.807324023178,68.5771244515127,161.971830985915,340.425531914894
"Senecio glaberrimus",2200,"rtd",0.15063638173556,0.0411013110611544,0.102404784351525,0.19687427164458
"Senecio glaberrimus",2200,"sla",101.33827109674,8.95526202942589,88.5665818490246,111.69014084507
"Senecio glaberrimus",2200,"srl",89.0677844796271,64.4430907404313,49.8113234193548,202.23100625
"Senecio glaberrimus",2400,"bgb_agb",2.10335779255522,1.37417832617426,0.775280898876404,4.41904761904762
"Senecio glaberrimus",2400,"bi",0.3759552,0.0952497436883691,0.267659,0.476282
"Senecio glaberrimus",2400,"ldmc",0.167548420285591,0.0185727614506054,0.151032028469751,0.198924838227974
"Senecio glaberrimus",2400,"rd",0.2951476,0.0526994971588914,0.24752,0.375633
"Senecio glaberrimus",2400,"rdmc",176.395937609837,127.007336788663,17.374616171955,356.390977443609
"Senecio glaberrimus",2400,"rtd",0.172323759744863,0.0868792058456789,0.0726482887497241,0.287906371999795
"Senecio glaberrimus",2400,"sla",113.601605736368,16.6085828356329,95.2657391652487,140.810556079171
"Senecio glaberrimus",2400,"srl",87.8939881525703,25.6434229801759,46.7700550810015,114.018832327586
"Senecio glaberrimus",2600,"bgb_agb",1.30087076659397,0.310816544418457,1.02906976744186,1.82113821138211
"Senecio glaberrimus",2600,"bi",0.3792214,0.0669252311897389,0.305558,0.474478
"Senecio glaberrimus",2600,"ldmc",0.168482112001702,0.0224331746052288,0.143585434173669,0.192440151196976
"Senecio glaberrimus",2600,"rd",0.2883904,0.00708940147685262,0.28242,0.300308
"Senecio glaberrimus",2600,"rdmc",422.47748184056,76.1018224253878,342.721518987342,528.571428571429
"Senecio glaberrimus",2600,"rtd",0.195950110481538,0.0332963644659043,0.158486872125699,0.243402372242985
"Senecio glaberrimus",2600,"sla",118.052886671752,14.7558367266359,105.198701855367,143.259851736247
"Senecio glaberrimus",2600,"srl",68.1154357340698,12.6955447945907,55.3242731547619,87.7966537358491
"Senecio glaberrimus",2800,"bgb_agb",1.84791764156086,0.652129461803478,1.20714285714286,2.68281938325991
"Senecio glaberrimus",2800,"bi",0.37810975,0.0788379150171413,0.261114,0.426159
"Senecio glaberrimus",2800,"ldmc",0.139750028908429,0.0136334116125321,0.12159891598916,0.153602811950791
"Senecio glaberrimus",2800,"rd",0.280089,0.0401710117290234,0.224573,0.313972
"Senecio glaberrimus",2800,"rdmc",279.498907724954,64.5225791705998,221.25748502994,355.051546391753
"Senecio glaberrimus",2800,"rtd",0.217395947882732,0.055094258806206,0.167308464805374,0.269287251768701
"Senecio glaberrimus",2800,"sla",121.666075703834,15.9629581484837,98.9354293105164,134.967684421663
"Senecio glaberrimus",2800,"srl",70.0767274959305,43.1903637467142,39.763150203252,133.999621109608
"Themeda triandra",2200,"bgb_agb",1.24624665964794,0.611893604274019,0.337460349943722,1.84677762155446
"Themeda triandra",2200,"bi",0.4777112,0.0668574077174699,0.423838,0.583312
"Themeda triandra",2200,"ldmc",0.383217699623297,0.0432808218408489,0.34744094488189,0.458515283842795
"Themeda triandra",2200,"rd",0.30621,0.0244710166625745,0.279577,0.343326
"Themeda triandra",2200,"rdmc",429.318007662587,13.4261662713256,414.414414414414,443.768996960486
"Themeda triandra",2200,"rtd",0.263532245241849,0.0602962535282798,0.18823502473376,0.331621534554964
"Themeda triandra",2200,"sla",242.648428851064,23.5761754506548,203.733153638814,259.660056657224
"Themeda triandra",2200,"srl",42.8838293168162,11.8985199038977,24.1039803383459,56.2831998630137
"Themeda triandra",2400,"bgb_agb",4.08093645073334,3.08240348833318,0.854406130268199,7.49056603773585
"Themeda triandra",2400,"bi",0.4150514,0.0374521335079859,0.367308,0.458209
"Themeda triandra",2400,"ldmc",0.358906646616177,0.0143357579228763,0.337094017094017,0.372923588039867
"Themeda triandra",2400,"rd",0.2651574,0.0182938917893378,0.246726,0.292776
"Themeda triandra",2400,"rdmc",437.721609781966,33.3218863103936,413.990825688073,494.791666666667
"Themeda triandra",2400,"rtd",0.221451381769629,0.0613190801651758,0.158863739253394,0.321932080464043
"Themeda triandra",2400,"sla",213.772775110111,50.482084428966,140.578021209649,265.492629945694
"Themeda triandra",2400,"srl",72.519233702978,20.2075440026956,37.6461211929825,87.7262717692308
"Themeda triandra",2600,"bgb_agb",5.907611003861,4.02602215104956,2.10472972972973,11.52
"Themeda triandra",2600,"bi",0.39639225,0.0237550206114413,0.364807,0.416356
"Themeda triandra",2600,"ldmc",0.30645963267244,0.0549338799032173,0.238552971576227,0.366062602965404
"Themeda triandra",2600,"rd",0.27555475,0.0155601325481715,0.255433,0.293154
"Themeda triandra",2600,"rdmc",385.626230988073,33.4650398521237,345.394736842105,422.5
"Themeda triandra",2600,"rtd",0.159680121261428,0.0168410062498671,0.140119699588702,0.18124082630548
"Themeda triandra",2600,"sla",211.681915482671,21.0599954207826,191.486135181976,238.964672962574
"Themeda triandra",2600,"srl",90.3040251954148,10.5312929178919,75.3352286588759,99.9875266666666
"Themeda triandra",2800,"bgb_agb",3.83699802980373,2.40583920579692,1.97107438016529,7.06185567010309
"Themeda triandra",2800,"bi",0.3709456,0.0772586993858944,0.251482,0.445908
"Themeda triandra",2800,"ldmc",0.324998459999023,0.0147776308229756,0.31322505800464,0.349423963133641
"Themeda triandra",2800,"rd",0.2966102,0.0337829403057224,0.252849,0.339084
"Themeda triandra",2800,"rdmc",364.812816272875,102.038582040528,260.16393442623,525.65445026178
"Themeda triandra",2800,"rtd",0.151802888240094,0.0227773730533694,0.130126518904318,0.187117126895341
"Themeda triandra",2800,"sla",221.212886191262,14.5550084233706,201.41773821299,238.172992056487
"Themeda triandra",2800,"srl",84.8074278168294,27.7413022692118,54.9665219737146,113.288451394422
