species,traits,mean,sd,min,max
Eragrostis capensis,bgb_agb,6.12753157297457,4.864062293104868,1.7985074626865671,17.678571428571427
Eragrostis capensis,bi,0.42350533333333334,0.06424761428107291,0.33675,0.539956
Eragrostis capensis,ldmc,0.2989975251158449,0.08769370305493306,0.024999999999999998,0.3560899922420482
Eragrostis capensis,rd,0.28340966666666667,0.0387127830026404,0.232929,0.357461
Eragrostis capensis,rdmc,348.2624648499333,153.9575506474209,37.39495798319328,792.1348314606741
Eragrostis capensis,rtd,0.17615924577707134,0.02961804940089823,0.12547188210411014,0.22551636603142555
Eragrostis capensis,sla,177.56316055434104,35.536063239243006,122.2494669509595,266.95
Eragrostis capensis,srl,80.72510847729534,31.281223059565693,37.06026690476191,149.0074617159337
Harpochloa falx,bgb_agb,3.070885988092646,3.0187506717310595,0.24513430915232423,12.609375
Harpochloa falx,bi,0.35829665,0.07113382555235699,0.237464,0.501821
Harpochloa falx,ldmc,0.23872315487009618,0.02487260125028464,0.15571658615136874,0.2686824605153782
Harpochloa falx,rd,0.2852436,0.0313387763916576,0.235171,0.35809
Harpochloa falx,rdmc,386.0465584537581,93.28184134228374,227.43902439024387,596.1089494163424
Harpochloa falx,rtd,0.23025187301023914,0.07981910565868154,0.11830852087351146,0.3794381296077174
Harpochloa falx,sla,132.31207427807934,26.022148880927848,99.67262235046056,213.62660090684912
Harpochloa falx,srl,67.28126932435624,31.037798285759752,21.01811533142943,144.571468907563
Helichrysum pilosellum,bgb_agb,2.8037549743886356,1.5488198801436779,0.6612903225806451,7.443181818181818
Helichrysum pilosellum,bi,0.3761217894736842,0.10478882357525801,0.15076,0.588431
Helichrysum pilosellum,ldmc,0.1874772066293613,0.0267971621066989,0.11791237113402062,0.2227426749053219
Helichrysum pilosellum,rd,0.28200115789473684,0.03323652188024352,0.231434,0.360265
Helichrysum pilosellum,rdmc,362.49202775514647,92.89272862212744,219.75806451612905,640.7407407407408
Helichrysum pilosellum,rtd,0.22254841152041285,0.0656207684534325,0.14571647337536536,0.3709581883097821
Helichrysum pilosellum,sla,94.82321973175887,9.16341117968921,79.63570127504553,114.22991071428574
Helichrysum pilosellum,srl,69.1955104065759,27.833828548247755,20.05964865145228,134.12422509689924
Senecio glaberrimus,bgb_agb,1.5546260171908708,0.8498220542797892,0.7282439082943225,4.4190476190476184
Senecio glaberrimus,bi,0.3743406842105263,0.07475467709340454,0.261114,0.500665
Senecio glaberrimus,ldmc,0.16671609213962704,0.025111144748443906,0.1215989159891599,0.21644942170001838
Senecio glaberrimus,rd,0.29505705263157894,0.040141094557508694,0.224573,0.375633
Senecio glaberrimus,rdmc,290.073649908826,122.9795498814412,17.374616171954965,528.5714285714286
Senecio glaberrimus,rtd,0.18232289743898583,0.058622640028589634,0.07264828874972411,0.2879063719997951
Senecio glaberrimus,sla,113.24358528103349,15.21745641843743,88.5665818490246,143.2598517362466
Senecio glaberrimus,srl,79.24699746395044,38.94079808809707,39.76315020325203,202.23100625
Themeda triandra,bgb_agb,3.655334195598374,2.9968643299183335,0.3374603499437225,11.52
Themeda triandra,bi,0.4160057894736842,0.06657996047241822,0.251482,0.583312
Themeda triandra,ldmc,0.34533960852011847,0.043748761377671565,0.23855297157622737,0.4585152838427948
Themeda triandra,rd,0.2864266842105263,0.028122367418623742,0.246726,0.343326
Themeda triandra,rdmc,405.3561627652332,61.488035051771924,260.1639344262295,525.6544502617802
Themeda triandra,rtd,0.20119226638439858,0.0637189463511088,0.1301265189043181,0.33162153455496385
Themeda triandra,sla,222.88937435225606,31.161956482801433,140.57802120964925,265.4926299456944
Themeda triandra,srl,71.69834499814617,25.82999839254096,24.103980338345867,113.28845139442232
