Estimate,Est.Error,l-95% CI,u-95% CI,Rhat,Bulk_ESS,Tail_ESS,parameter,response,predictor
0.6674518729370879,0.2563858788858695,0.1538905582765506,1.2160235299451185,1.0075949133709574,784.8298125983393,227.91996326238254,Intercept,LT,SLA
-0.0017123391966448174,0.0011443137780116444,-0.004552699445119949,2.8057873785791406e-4,1.0135474235068267,807.1187373721543,220.47896943111994,SLA,LT,SLA
0.3366980860229985,0.11074207194021408,0.10086791106757967,0.5667913743339483,1.000200116418429,1268.0404431937086,1518.176418598441,Intercept,LDMC,SLA
-7.360138689741575e-4,6.691546523564153e-4,-0.002226885625673743,5.952371376476957e-4,1.0000560457773973,1748.326006068441,1533.2769661931732,SLA,LDMC,SLA
0.24562283320168143,0.06425562444528221,0.10460848721348408,0.3705663351190408,1.001624554115715,1081.7317822809598,1213.6375493358476,Intercept,LDMC,LT
-0.009214133376144093,0.10214158748554242,-0.22090155726785876,0.1830644941972496,1.011234620826167,558.0075490234125,228.34813678134014,LT,LDMC,LT
0.3395422780117667,0.009368387226322338,0.3220260976340593,0.35916033206556763,0.999704040465919,2726.660484466818,3242.642970159138,Intercept,RD,SRL
-7.221349008038265e-4,1.480691416423706e-4,-0.0010224106895648998,-4.385409812096508e-4,1.0006677362023533,1905.6252946411312,1758.031419669984,SRL,RD,SRL
0.3112282163006255,0.03594541813361491,0.23786475585214326,0.38706651659380226,1.0010166810731331,1362.305814765072,1695.5889102520289,Intercept,RTD,SRL
-0.0014958148870983046,3.910565761703463e-4,-0.0023329465281561553,-7.387375333407954e-4,1.0012607390533252,1722.7077275189517,2353.2750953488,SRL,RTD,SRL
0.13126197816102944,0.05907899375997176,0.013364495690019958,0.24853483408948346,1.0068996154536072,705.6075303065517,825.7738162865714,Intercept,RTD,RD
0.2535555615455704,0.20664011920439698,-0.1509290251077077,0.6667723011249556,1.0047093406313932,781.5320813879854,1444.461894388821,RD,RTD,RD
159.18041676193457,25.98943569313295,107.22219297530764,210.7398513203599,1.0016177690325927,1190.6078255910127,1818.1437261659478,Intercept,SLA,SRL
-0.19469873368088175,0.13035115685076468,-0.4602221381042704,0.06344728040334889,1.0020931117126897,1754.0524869306441,1617.1512080969171,SRL,SLA,SRL
0.2656943944951163,0.09727034655645955,0.07465549031493317,0.4511243840536361,1.0037931795468942,728.9544439667487,1209.375334159135,Intercept,LT,RD
0.7151838711594237,0.8367870281053734,-0.9238885173855169,2.4831498611533793,1.013778060601025,342.2508583513786,87.24366054132959,RD,LT,RD
0.20575382086690344,0.04298615248523291,0.1049771834108319,0.2898526702052235,1.0078134267672543,642.8974384623348,454.0763762089846,Intercept,LDMC,RTD
0.21650825043215682,0.3160803982301598,-0.4016718867532654,0.8951941893159134,1.012619162469227,395.05200502969257,314.7905766948447,RTD,LDMC,RTD
