mean,lower,upper,prob_positive,prob_negative,level,parameter,response,species
0.19727266901923396,-0.04036435231671215,0.391118025233508,0.96025,0.03975,Population,BG,AG,NA
-0.08094645498608528,-0.3448144310252379,0.14109330316790636,0.22375,0.77625,Species,BG,AG,Eragrostis.capensis
0.124228449777135,-0.07241968973078529,0.4062942387130832,0.8805,0.1195,Species,BG,AG,Harpochloa.falx
0.03679613838379055,-0.17431269269646754,0.31628560064136496,0.60925,0.39075,Species,BG,AG,Helichrysum.pilosellum
-0.009425193097157619,-0.3210362643209374,0.31190369144166086,0.46125,0.53875,Species,BG,AG,Senecio.glaberrimus
-0.016394814777879983,-0.21918104922402135,0.21450837604825526,0.4065,0.5935,Species,BG,AG,Themeda.triandra
0.19727266901923396,-0.04036435231671215,0.391118025233508,0.96025,0.03975,Species,BG,AG,b_BG
0.06566614150830452,-0.8854912162299948,0.9526493359443766,0.543,0.457,Species,BG,AG,cor_species__Intercept__BG
-0.24231657095780842,-0.5830920017965174,0.07453288556187078,0.0735,0.9265,Population,RDepth,VHeight,NA
0.12029490955686346,-0.21424834298903803,0.7739977238149833,0.6865,0.3135,Species,RDepth,VHeight,Eragrostis.capensis
-0.13372659984730792,-0.6656025454259488,0.13433562443343974,0.2505,0.7495,Species,RDepth,VHeight,Harpochloa.falx
0.08383165097807296,-0.25929975029288627,0.5124449702683624,0.6655,0.3345,Species,RDepth,VHeight,Helichrysum.pilosellum
-0.07027096710065817,-0.4940621090225341,0.25994737005620994,0.339,0.661,Species,RDepth,VHeight,Senecio.glaberrimus
0.00603056184279618,-0.3807825607170237,0.4080400780697834,0.5095,0.4905,Species,RDepth,VHeight,Themeda.triandra
-0.24231657095780842,-0.5830920017965174,0.07453288556187078,0.0735,0.9265,Species,RDepth,VHeight,b_RDepth
-0.3749422565238044,-0.9770120288875167,0.8146739159598823,0.22825,0.77175,Species,RDepth,VHeight,cor_species__Intercept__RDepth
0.152829415746189,-0.13172780743361454,0.49847191106069166,0.884,0.116,Population,BG,RDepth,NA
0.01640574363853844,-0.27067046015498186,0.35285418630465987,0.53025,0.46975,Species,BG,RDepth,Eragrostis.capensis
-0.08392431030519037,-0.4906871143639473,0.16817106205028454,0.27875,0.72125,Species,BG,RDepth,Harpochloa.falx
-0.08027763121747802,-0.5153870587674595,0.26958159862132614,0.32025,0.67975,Species,BG,RDepth,Helichrysum.pilosellum
0.014409054944570659,-0.43077458040905353,0.44548181729182634,0.53425,0.46575,Species,BG,RDepth,Senecio.glaberrimus
0.09202641061356577,-0.24032490537579676,0.4011129082764231,0.7895,0.2105,Species,BG,RDepth,Themeda.triandra
0.152829415746189,-0.13172780743361454,0.49847191106069166,0.884,0.116,Species,BG,RDepth,b_BG
0.06378044793722057,-0.8819065156998648,0.9550355499154098,0.53875,0.46125,Species,BG,RDepth,cor_species__Intercept__BG
-0.33270944783574685,-2.6464884821377725,1.3731584549984348,0.3715,0.6285,Population,BG,SRL,NA
0.20409638051631382,-1.509657186074236,2.5450118281443697,0.57775,0.42225,Species,BG,SRL,Eragrostis.capensis
0.0382143686826444,-1.6801999916643642,2.283948510938208,0.48475,0.51525,Species,BG,SRL,Harpochloa.falx
-0.30376366610247707,-2.9021708175385146,1.7099022627630718,0.37725,0.62275,Species,BG,SRL,Helichrysum.pilosellum
-0.2598168440437953,-3.5919424344220134,1.966050339942644,0.438,0.562,Species,BG,SRL,Senecio.glaberrimus
0.4062900871974354,-1.1395658676556921,2.9196216233359715,0.67675,0.32325,Species,BG,SRL,Themeda.triandra
-0.33270944783574685,-2.6464884821377725,1.3731584549984348,0.3715,0.6285,Species,BG,SRL,b_BG
-0.1943615155134621,-0.9718705392759934,0.9296564850415042,0.35775,0.64225,Species,BG,SRL,cor_species__Intercept__BG
0.39192409163676706,-1.9381435803178773,2.7205625876521546,0.6575,0.3425,Population,BG,SLA,NA
-0.27463147246501385,-3.0515942780015997,2.47491721939659,0.38625,0.61375,Species,BG,SLA,Eragrostis.capensis
0.5275048956857161,-1.569194455427937,3.2862701295033276,0.706,0.294,Species,BG,SLA,Harpochloa.falx
-0.2284053173477031,-3.515220196955589,2.1258020074665684,0.47825,0.52175,Species,BG,SLA,Helichrysum.pilosellum
0.8742651608464763,-1.6644268742917014,5.374557712019881,0.717,0.283,Species,BG,SLA,Senecio.glaberrimus
-0.9656967979520524,-3.635302162205012,1.4020257015511686,0.16675,0.83325,Species,BG,SLA,Themeda.triandra
0.39192409163676706,-1.9381435803178773,2.7205625876521546,0.6575,0.3425,Species,BG,SLA,b_BG
-0.3391946085657175,-0.9658214550604898,0.6646736376373935,0.22325,0.77675,Species,BG,SLA,cor_species__Intercept__BG
0.6125376002190946,-0.5360334553999733,1.908823893826614,0.9055,0.0945,Population,AG,VHeight,NA
0.35906171335999343,-1.1926915765422146,2.2748466233122007,0.6915,0.3085,Species,AG,VHeight,Eragrostis.capensis
-0.3189766586046438,-1.6722288566346708,0.7616776282103692,0.28425,0.71575,Species,AG,VHeight,Harpochloa.falx
0.7794598423890721,-0.4252296331694738,2.5624883004823658,0.8695,0.1305,Species,AG,VHeight,Helichrysum.pilosellum
0.03863264408582614,-1.7253281304005093,2.744228254769904,0.437,0.563,Species,AG,VHeight,Senecio.glaberrimus
-0.5379161595093301,-1.9528938481708897,0.5807714619669413,0.15975,0.84025,Species,AG,VHeight,Themeda.triandra
0.6125376002190946,-0.5360334553999733,1.908823893826614,0.9055,0.0945,Species,AG,VHeight,b_AG
-0.46287293895175646,-0.9876894038208781,0.6461239713390979,0.165,0.835,Species,AG,VHeight,cor_species__Intercept__AG
-2.800256036954557,-7.231598399971128,0.8824561858006422,0.0605,0.9395,Population,AG,SRL,NA
0.06577888165202764,-5.389681736379446,6.664589584722852,0.49675,0.50325,Species,AG,SRL,Eragrostis.capensis
0.11695825735810264,-3.611879817345141,4.077461772932114,0.5195,0.4805,Species,AG,SRL,Harpochloa.falx
-0.533971465364945,-6.25611115884371,4.0169637615406835,0.421,0.579,Species,AG,SRL,Helichrysum.pilosellum
-0.3916687798225053,-7.73028283789787,4.855155751967893,0.45675,0.54325,Species,AG,SRL,Senecio.glaberrimus
0.6201356016937178,-2.777709832581111,5.045902023929881,0.62025,0.37975,Species,AG,SRL,Themeda.triandra
-2.800256036954557,-7.231598399971128,0.8824561858006422,0.0605,0.9395,Species,AG,SRL,b_AG
-0.137264322152612,-0.9683518985068995,0.9345262859539404,0.40575,0.59425,Species,AG,SRL,cor_species__Intercept__AG
1.7487639611339492,-3.897390262458586,7.4843685242705,0.81425,0.18575,Population,AG,SLA,NA
0.6375227516748987,-6.531029565416912,11.69925051863987,0.504,0.496,Species,AG,SLA,Eragrostis.capensis
1.0074644922680982,-4.223186918028886,7.050329975601949,0.69475,0.30525,Species,AG,SLA,Harpochloa.falx
-0.7393999002224954,-9.44920866140809,5.288799509688601,0.44325,0.55675,Species,AG,SLA,Helichrysum.pilosellum
0.9373108336408628,-6.572478203683237,11.08934829553219,0.60525,0.39475,Species,AG,SLA,Senecio.glaberrimus
-1.1706187156062617,-8.033144568284285,4.384948790691783,0.307,0.693,Species,AG,SLA,Themeda.triandra
1.7487639611339492,-3.897390262458586,7.4843685242705,0.81425,0.18575,Species,AG,SLA,b_AG
-0.1790244831133188,-0.9563028566311609,0.8028313707078893,0.35125,0.64875,Species,AG,SLA,cor_species__Intercept__AG
