slope,intercept,p_value,significance,species,trait_x,trait_y
-0.005817409337994541,1.3096582097073175,4.4778468119752935e-20,significant,Global,SLA,LT
-0.0011596389763681033,0.39755360619036567,0.005721302492128112,significant,Eragrostis capensis,SLA,LT
-0.0011314354234322245,0.4960359011193479,0.90760867581369,nonsignificant,Harpochloa falx,SLA,LT
-0.0014753967371581736,0.4776221854911067,0.001070150344386718,significant,Themeda triandra,SLA,LT
-0.018623009008369815,2.7014375349162982,0.09981289742162722,nonsignificant,Helichrysum pilosellum,SLA,LT
-0.005533881334175396,1.2352379663105828,0.09401313369083766,nonsignificant,Senecio glaberrimus,SLA,LT
0.0015258252759258746,0.021251966266430194,1.962336358852454e-11,significant,Global,SLA,LDMC
-0.0024677382653374947,0.7371769309300575,0.013750104467259841,significant,Eragrostis capensis,SLA,LDMC
-9.558242620198922e-4,0.3651902456232625,3.860160479718665e-6,significant,Harpochloa falx,SLA,LDMC
0.0014039157458491695,0.03242170628451618,0.0975968738363592,nonsignificant,Themeda triandra,SLA,LDMC
-0.002924365346181898,0.4647749444263085,0.3168636592894172,nonsignificant,Helichrysum pilosellum,SLA,LDMC
-0.0016501538797258739,0.35358543374519236,1.1997477023430165e-4,significant,Senecio glaberrimus,SLA,LDMC
-0.2622860430261349,0.3647570358072544,4.3500316022292745e-13,significant,Global,LT,LDMC
2.128022872313465,-0.10882623601374009,0.5413095522377733,nonsignificant,Eragrostis capensis,LT,LDMC
-0.844789054880762,0.5313017642104667,0.4308817620072902,nonsignificant,Harpochloa falx,LT,LDMC
-0.9515513424228605,0.4869037380595195,0.141202665824509,nonsignificant,Themeda triandra,LT,LDMC
0.15702969079097734,0.04056904362726205,0.0532298492013274,nonsignificant,Helichrysum pilosellum,LT,LDMC
0.2981910489361647,-0.014751471114718251,0.9788308498011518,nonsignificant,Senecio glaberrimus,LT,LDMC
-0.001091814562943594,0.3665235100092379,3.648246236644273e-11,significant,Global,SRL,RD
-0.0012375725504377981,0.383312845049281,2.0212641138212408e-5,significant,Eragrostis capensis,SRL,RD
-0.001009697147430587,0.35317730571231154,0.0021492862469235457,significant,Harpochloa falx,SRL,RD
-0.001088748322444525,0.3644881370493067,0.0024806429555350503,significant,Themeda triandra,SRL,RD
-0.0011941052889159918,0.36462788284047065,8.331986331681285e-5,significant,Helichrysum pilosellum,SRL,RD
-0.0010308236227387054,0.37674672964853334,0.05585168255210147,nonsignificant,Senecio glaberrimus,SRL,RD
-0.002098410353269778,0.35765429808578186,7.608662921231486e-16,significant,Global,SRL,RTD
-9.468315655209369e-4,0.25259232661347636,0.016151836481721443,significant,Eragrostis capensis,SRL,RTD
-0.002571674218763862,0.403277378737394,1.0952131620157001e-5,significant,Harpochloa falx,SRL,RTD
-0.0024668583165498425,0.3780619250259353,1.5526641743047612e-5,significant,Themeda triandra,SRL,RTD
-0.0023575904529153854,0.3856830862395634,2.486434747963531e-4,significant,Helichrysum pilosellum,SRL,RTD
-0.0015054298552373182,0.30162369335913286,0.002109861943195827,significant,Senecio glaberrimus,SRL,RTD
1.92194757653016,-0.34678467371780086,0.33848764876062354,nonsignificant,Global,RD,RTD
0.7650715630255289,-0.04066943087613947,0.4570956923517778,nonsignificant,Eragrostis capensis,RD,RTD
2.5469758187473253,-0.4962566786421954,0.28276482770078426,nonsignificant,Harpochloa falx,RD,RTD
2.2657746199884854,-0.4477860451872686,0.3580783791673403,nonsignificant,Themeda triandra,RD,RTD
1.9743572654766526,-0.3342226234418896,0.12465786089914267,nonsignificant,Helichrysum pilosellum,RD,RTD
-1.460414586966559,0.6132285210895034,0.2366866156767524,nonsignificant,Senecio glaberrimus,RD,RTD
-1.7031927108252933,271.4779947817452,0.4369749350650728,nonsignificant,Global,SRL,SLA
-1.1360189840267825,269.2684162721699,0.3409067732949568,nonsignificant,Eragrostis capensis,SRL,SLA
-0.8384018944045697,188.72081793756368,0.5075418665073244,nonsignificant,Harpochloa falx,SRL,SLA
-1.206425026019366,309.38805208219003,0.023770865462737482,significant,Themeda triandra,SRL,SLA
-0.32921849625556,117.60366161544775,0.25176895976459196,nonsignificant,Helichrysum pilosellum,SRL,SLA
-0.390784400052892,144.21207564097642,0.9651747558718181,nonsignificant,Senecio glaberrimus,SRL,SLA
9.074956056316296,-2.1442399869185125,0.44183833291374375,nonsignificant,Global,RD,LT
-1.0644805359536484,0.49332851831222263,0.05820105099183355,nonsignificant,Eragrostis capensis,RD,LT
0.9394872559716643,0.07835060628585433,0.11311923521436687,nonsignificant,Harpochloa falx,RD,LT
-1.634864100656869,0.6170406333105325,0.09955947166853926,nonsignificant,Themeda triandra,RD,LT
5.134420790527632,-0.5123687483984796,0.030346616329409534,significant,Helichrysum pilosellum,RD,LT
2.097889929408163,-0.010435815807871895,0.0016059628724768747,significant,Senecio glaberrimus,RD,LT
1.238449135508931,-0.007456703713299956,0.7030450183993198,nonsignificant,Global,RTD,LDMC
2.960819663305496,-0.22257823365397367,0.09622487424307048,nonsignificant,Eragrostis capensis,RTD,LDMC
-0.31161212650820186,0.31047243065131325,0.17168592113879794,nonsignificant,Harpochloa falx,RTD,LDMC
0.6865895292210883,0.20720310506033046,7.02068553524475e-4,significant,Themeda triandra,RTD,LDMC
0.40836403989562264,0.09659643822853198,0.4828178224923718,nonsignificant,Helichrysum pilosellum,RTD,LDMC
-0.42835233514214816,0.244814531007499,0.3037019497656804,nonsignificant,Senecio glaberrimus,RTD,LDMC
