species,traits,type,estimate,f_value,p_value,ar2,w_shapiro,s_white,p_white,p_bp
Eragrostis capensis,rd~srl,poly,-0.0022214603007053024,23.366892416961097,7.273769741709892e-5,0.7616363386152124,0.8371607089239755,1.5815837792745335,0.812098231675382,0.30407718468503575
Eragrostis capensis,rtd~srl,linear,-5.758329722754946e-4,7.630621540089506,0.016151836481721443,0.32139708089767705,0.9019610951593103,1.383225160214614,0.5007678892772371,0.2409136573446651
Eragrostis capensis,srl~rd,exp,-9.061904951765882,46.55714991849692,1.2186463802741469e-5,0.7649316661532866,0.9854964397530451,3.9361425817865436,0.13972608747455972,0.0496051195601564
Eragrostis capensis,srl~rtd,exp,-8.457088667209632,8.61365842824532,0.01160356419681217,0.3522614393820336,0.9669263885414092,1.8819623949744941,0.3902447402847158,0.17011446980387782
Harpochloa falx,rdmc~rtd,exp,1.823179981033121,9.52490433635163,0.006368002725956289,0.30971603868911357,0.9690667953820299,0.5904242033685536,0.7443736878081941,0.511043950732911
Harpochloa falx,rd~srl,linear,-6.509534546775449e-4,12.80294370615556,0.002149286246923539,0.3831758360093649,0.9445603719765773,1.427044394227095,0.4899155757480675,0.2480850820635095
Harpochloa falx,rtd~rdmc,linear,5.070084720342569e-4,9.738563660282066,0.005906040506877899,0.31503302648631826,0.9698017908530364,2.3632491781588905,0.30677994219735505,0.6351696723590103
Harpochloa falx,rtd~srl,poly,-0.00489423045255577,25.361619659777688,7.898510254252107e-6,0.7194463792502956,0.9319658929656568,3.084526382475834,0.5437811087302115,0.3510964811025603
Harpochloa falx,srl~rd,exp,-11.176421875993128,18.10953338487836,4.757880303370579e-4,0.47382316471703123,0.9180080364356503,0.18285249723758445,0.9126286212914072,0.9119490338619396
Harpochloa falx,srl~rtd,exp,-5.297158909236714,48.87185663670774,1.5810206649652453e-6,0.715874495556171,0.9519296256107727,1.425836203989581,0.49021162076665215,0.2886845334259882
Helichrysum pilosellum,rd~rtd,poly,-1.7916729378170544,5.051223009642953,0.019930133640341918,0.31040945409098364,0.9784860847628644,4.877506886181906,0.3000985349043844,0.8898189036437059
Helichrysum pilosellum,rd~srl,linear,-9.308441988115715e-4,26.331016681205373,8.33198633168139e-5,0.5845931764668837,0.9340692899748885,1.7913823052578106,0.4083252859966583,0.18189479871349742
Helichrysum pilosellum,rtd~srl,poly,-0.005912434785029175,21.552320708176413,2.8839462806062977e-5,0.6954553894811409,0.9807443363145998,2.557262653226144,0.6344122119497382,0.8241562855379747
Helichrysum pilosellum,srl~rd,exp,-10.734178573407007,31.116783960712535,3.330476311196532e-5,0.6259101602738653,0.9597520855172798,5.982363545909738,0.05022804349247168,0.014588271277499685
Helichrysum pilosellum,srl~rtd,exp,-5.634746299760053,38.67225942044552,9.348937418102506e-6,0.676679190185884,0.9711778284843797,5.413537624701496,0.06675214733872033,0.30251727881080953
Senecio glaberrimus,rtd~rd,poly,9.885924737795449,5.887945688803662,0.012123159535182886,0.3519559910681591,0.9827627126064841,1.7359568916431916,0.7841761170845087,0.3032627167192287
Senecio glaberrimus,rtd~srl,poly,-0.0033096054338614678,10.502139976558698,0.001221642682318223,0.5135697810414062,0.9558511146339533,4.658850471268343,0.32412515774273176,0.3776456366682181
Senecio glaberrimus,srl~rtd,exp,-5.187523963870802,20.4311524898865,3.0248152111138956e-4,0.5191171309816494,0.9417809833258274,2.8037318258392157,0.24613726449359666,0.10967586562629932
Themeda triandra,bi~rdmc,poly,0.005120144974580132,8.458881631665392,0.0031154251441585104,0.45318277381102134,0.8736658930052104,1.2671261109731877,0.866927868158577,0.3689094491596336
Themeda triandra,bi~rtd,linear,0.5818109432412548,7.639011325290281,0.01327593990052479,0.2694512063670259,0.971572082148949,0.4787492836228804,0.7871199390872939,0.6498607921079518
Themeda triandra,bi~srl,poly,-0.005576254231302147,4.342060527825253,0.031161511876286047,0.27078626946372175,0.8793727902687319,1.200641828487293,0.8779929335680352,0.8111962800410883
Themeda triandra,rdmc~bi,exp,1.406620409742004,8.371954137169427,0.010102163972968233,0.29055523659368654,0.9619562127046547,2.4942001458424254,0.2873368457362425,0.4695116097905096
Themeda triandra,rd~bi,poly,-1.8245821042684156,9.397005467172816,0.00199951145425062,0.4826695883390678,0.9463077425519942,1.0619681498408613,0.9002584771575782,0.3736823791992059
Themeda triandra,rd~srl,linear,-7.099827403615061e-4,12.577889084570918,0.002480642955535069,0.39143730140669286,0.9634914188069853,1.9025278773371497,0.38625251530743554,0.36227675593464803
Themeda triandra,rtd~bi,linear,0.532883153985626,7.639011325290284,0.01327593990052475,0.2694512063670259,0.8921008840619913,0.6836063314920594,0.7104880393297804,0.6107130362088083
Themeda triandra,rtd~srl,poly,-0.006266175747444591,26.79962552081896,7.800515995609454e-6,0.7413765273245332,0.9435579235075815,4.644326098207793,0.3257754438500239,0.6386623957995672
Themeda triandra,srl~bi,exp,-3.653372752072812,8.853458036805046,0.008486737262076592,0.3037681855024904,0.9201730529696542,9.045374332809244,0.010859802328857944,0.12403246071918042
Themeda triandra,srl~rd,exp,-9.743520292446192,13.065350832143857,0.0021399906863067766,0.4013041756773512,0.9380158813724804,2.787447496981631,0.24814953557725544,0.10158613532134546
Themeda triandra,srl~rtd,exp,-5.6670223639734445,52.29893291417272,1.4025666406888428e-6,0.7402557407010416,0.9343540687260998,0.803044090233537,0.6693005647279844,0.8525653282279276
