elevation_m_asl,climate_variable,mean,sd
2000,moisture_soil,43.750212217424824,1.2659408728010255
2000,temperature_air,15.355001927525057,5.329983512917428
2000,temperature_near_surface,15.806741518889746,5.683910113143215
2000,temperature_soil,17.454799537393985,2.758095374838641
2200,moisture_soil,44.21483225751735,1.4058460021533747
2200,temperature_air,14.443933114880494,5.45413834560498
2200,temperature_near_surface,14.786357941403239,5.40908494313594
2200,temperature_soil,15.523467617579028,2.305838295793487
2400,moisture_soil,44.01821274402467,3.957327871752525
2400,temperature_air,12.625987856592136,4.649611847206473
2400,temperature_near_surface,13.389480531996917,5.347315473519264
2400,temperature_soil,14.266528527370856,2.811955635411442
2600,moisture_soil,37.39830018673797,3.4732678007719526
2600,temperature_air,11.664605614973262,4.490490590859497
2600,temperature_near_surface,12.283021390374332,4.899494819594787
2600,temperature_soil,12.352473262032085,1.8285998250148836
2800,moisture_soil,34.404836102852734,4.455549212965082
2800,temperature_air,10.786406129529684,5.266208709842766
2800,temperature_near_surface,11.10596569005397,4.30608730388322
2800,temperature_soil,11.135914610639938,1.460002454754454
