"","id","date","aspect","site_id","elevation_m_asl","plant_id","species","root_depth","no_root_scan","root_wet_mass","root_dry_mass","total_root_length","total_root_volume","rd","bi","srl","rtd","rdmc","tuber_wet_mass","tuber_dry_mass","reproductive_height","veg_height","no_leaves","leaf_wet_mass","leaf_dry_mass","leaf_area","sla","leaf_thickness","ldmc","bgb_agb","aboveground_biomass","belowground_biomass"
"1","FBC0289","12/05/2023","west",2,2200,3,"Eragrostis capensis",16,5,0.0527,0.0183,1185.77074,96.305368,0.291187,0.45034,64.7962153005465,0.190020560432312,347.248576850095,NA,NA,32.8,15,5,0.193,0.0663,10.324,155.716440422323,0.187333333333333,0.343523316062176,14.431829700963,0.5919,8.5422
"2","FBD8952","12/08/2023","northwest",5,2800,1,"Senecio glaberrimus",12.7,5,0.0496,0.01543,765.949089,59.193603,0.277175,0.261114,49.6402520414776,0.260670059229204,311.088709677419,0.598,0.18462,34,27,1,0.369,0.04487,6.056,134.967684421663,0.625,0.12159891598916,2.68281938325991,2.27,6.09
"3","FBE2394","12/09/2023","west",3,2400,3,"Senecio glaberrimus",18.5,4,0.0274,0.00644,583.687821,32.369208,0.24752,0.476282,90.6347548136646,0.198954512572566,235.036496350365,0.5807,0.18633,36,18.4,1,1.0045,0.19982,19.036,95.2657391652487,0.535,0.198924838227974,0.775280898876404,0.89,0.69
"4","FBF4179","12/08/2023","northwest",5,2800,2,"Themeda triandra",28.8,5,0.122,0.04337,2383.898058,231.779959,0.310761,0.445908,54.9665219737146,0.187117126895341,355.491803278689,NA,NA,NA,12,5,0.0868,0.03033,6.109,201.41773821299,0.151,0.349423963133641,2.18242122719735,12.06,26.32
"5","FBG3400","12/05/2023","west",2,2200,5,"Themeda triandra",11.7,3,0.0632,0.0266,641.165877,80.21192,0.343326,0.583312,24.1039803383459,0.331621534554964,420.886075949367,NA,NA,18.5,15,5,0.0982,0.0367,9.338,254.441416893733,0.113,0.373727087576375,0.337460349943722,2.9319,0.9894
"6","FBH8238","12/08/2023","northwest",5,2800,5,"Senecio glaberrimus",21.4,5,0.0334,0.00739,990.2572,44.169911,0.224573,0.400906,133.999621109608,0.167308464805374,221.25748502994,0.5752,0.19152,29.7,14.5,1,1.9294,0.26669,34.673,130.012373917282,0.597333333333333,0.138224318440966,2.02409638554217,1.66,3.36
"7","FBI0246","12/08/2023","northwest",5,2800,2,"Helichrysum pilosellum",23,5,0.0316,0.01032,1384.162003,67.859183,0.235311,0.43492,134.124225096899,0.152079638211972,326.582278481013,0.9371,0.17859,21.1,2.5,1,0.6762,0.13551,12.243,90.3475758246624,0.785333333333333,0.200399290150843,5.23076923076923,0.78,4.08
"8","FBJ6221","12/08/2023","northwest",5,2800,4,"Helichrysum pilosellum",13,5,0.035,0.01374,919.170419,81.370931,0.297983,0.478693,66.8974104075691,0.168856369604521,392.571428571429,0.707,0.1356,19.8,3.5,1,0.4948,0.09943,8.924,89.7515840289651,0.763333333333333,0.200949878738884,3.70796460176991,1.13,4.19
"9","FBK1070","12/05/2023","west",2,2200,3,"Themeda triandra",16.6,5,0.0643,0.0285,1179.061228,90.930101,0.279577,0.427459,41.3705694035088,0.313427563442385,443.234836702955,NA,NA,17.2,19.2,5,0.0687,0.0315,8.14,258.412698412698,0.121,0.458515283842795,1.04318936877076,2.6789,2.7946
"10","FBM2759","12/08/2023","northwest",5,2800,4,"Senecio glaberrimus",21.8,5,0.097,0.03444,1369.442893,127.893169,0.304636,0.42426,39.763150203252,0.269287251768701,355.051546391753,0.3345,0.10701,26.5,14.2,1,1.5364,0.22366,27.454,122.748815165877,0.612666666666667,0.145574069252799,1.47761194029851,1.34,1.98
"11","FBN8285","12/08/2023","northwest",5,2800,5,"Helichrysum pilosellum",10,4,0.0248,0.00545,614.712528,28.462369,0.231434,0.382293,112.791289541284,0.191480898866851,219.758064516129,0.6443,0.12552,7.8,4.1,1,0.7515,0.13365,12.928,96.7302656191545,0.783333333333333,0.177844311377246,2.39393939393939,0.66,1.58
"12","FBO8536","12/05/2023","west",2,2200,4,"Themeda triandra",18.2,5,0.07,0.0297,1316.542072,113.084877,0.289672,0.423838,44.3280158922559,0.262634587293224,424.285714285714,NA,NA,21.1,18.3,5,0.2021,0.0742,15.117,203.733153638814,0.135333333333333,0.367144977733795,1.84677762155446,3.0583,5.648
"13","FBP4231","12/08/2023","northwest",5,2800,2,"Senecio glaberrimus",20.1,5,0.0853,0.01967,1119.29945,114.149411,0.313972,0.426159,56.9038866293848,0.17231801572765,230.597889800703,0.8063,0.13203,23.9,9.7,1,1.3087,0.20102,19.888,98.9354293105164,0.652666666666667,0.153602811950791,1.20714285714286,1.4,1.69
"14","FBQ2034","12/08/2023","northwest",5,2800,3,"Helichrysum pilosellum",14.5,5,0.0389,0.00958,384.71799,33.111257,0.29752,0.15076,40.1584540709812,0.289327584271416,246.272493573265,0.5246,0.07859,18.3,5,1,0.7915,0.14951,15.614,104.434485987559,1.10533333333333,0.188894504106128,0.661290322580645,0.62,0.41
"15","FBR3362","12/08/2023","northwest",5,2800,1,"Helichrysum pilosellum",16,5,0.0576,0.01929,1161.205461,82.343575,0.272041,0.476229,60.1972763608087,0.234262357445617,334.895833333333,0.644,0.10746,9.5,4,1,1.0151,0.14336,16.376,114.229910714286,0.630666666666667,0.141227465274357,2.39669421487603,1.21,2.9
"16","FBS3237","12/05/2023","west",2,2200,1,"Themeda triandra",13.5,4,0.0329,0.0146,821.734718,77.562611,0.312116,0.451484,56.2831998630137,0.18823502473376,443.768996960486,NA,NA,25.9,18.2,5,0.1568,0.0579,13.722,236.99481865285,0.143666666666667,0.369260204081633,1.76569510195241,6.4638,11.4131
"17","FBT2327","12/06/2023","west",2,2200,1,"Helichrysum pilosellum",10.2,5,0.0466,0.0162,1115.271125,82.701692,0.275913,0.393626,68.8438966049383,0.195884746832024,347.639484978541,0.4185,0.1136,22.5,11.5,1,1.1152,0.2338,20.71,88.5799828913601,1.05533333333333,0.209648493543759,1.86253960516695,5.3339,9.9346
"18","FBU8395","12/08/2023","west",4,2600,2,"Senecio glaberrimus",16.5,4,0.0355,0.0168,929.447789,69.021513,0.285861,0.305558,55.3242731547619,0.243402372242985,473.239436619718,0.6495,0.18223,36,18.2,1,0.9809,0.1434,16.274,113.486750348675,0.648333333333333,0.146192272402895,1.82113821138211,1.23,2.24
"19","FBW8179","12/05/2023","west",2,2200,2,"Eragrostis capensis",13,5,0.1044,0.0313,1551.731842,144.313764,0.308655,0.387954,49.5760971884984,0.216888529080289,299.808429118774,NA,NA,23.4,13.7,5,0.1289,0.0459,10.418,226.971677559913,0.172333333333333,0.356089992242048,2.49002406070701,2.7015,6.7268
"20","FBX4690","12/06/2023","west",2,2200,2,"Helichrysum pilosellum",16.5,5,0.043,0.0146,921.50696,56.746535,0.262245,0.317957,63.1169150684932,0.257284431551636,339.53488372093,1.1321,0.239,19,15.5,1,1.2497,0.2566,24.814,96.7030397505846,1.14133333333333,0.205329279026966,2.30427931516793,5.6481,13.0148
"21","FBY9580","12/08/2023","west",4,2600,4,"Senecio glaberrimus",16,5,0.0611,0.02345,1694.492016,132.563228,0.284323,0.474478,72.2597874626866,0.17689671829657,383.79705400982,0.203,0.08881,18,11.7,1,0.8817,0.16331,17.18,105.198701855367,0.631666666666667,0.18522173074742,1.31428571428571,0.7,0.92
"22","FBZ6377","12/08/2023","west",4,2600,1,"Senecio glaberrimus",17,3,0.0316,0.01083,708.271098,57.981301,0.300308,0.408036,65.3989933518006,0.186784356563507,342.721518987342,0.2829,0.10171,30,14.6,1,0.4762,0.09164,10.178,111.065037101702,0.551,0.192440151196976,1.23076923076923,0.65,0.8
"23","FCA5827","12/05/2023","west",2,2200,5,"Eragrostis capensis",12.1,4,0.03,0.0139,1561.236903,75.958142,0.23528,0.539956,112.319201654676,0.182995524034803,463.333333333333,NA,NA,31.9,6.8,5,0.288,0.0938,11.467,122.24946695096,0.303333333333333,0.325694444444444,2.67946992442282,0.9659,2.5881
"24","FCB1397","12/06/2023","west",2,2200,2,"Senecio glaberrimus",10,5,0.0047,0.0016,323.56961,15.62427,0.230123,0.500665,202.23100625,0.102404784351525,340.425531914894,0.9622,0.2751,36,14,1,0.7798,0.1434,15.463,107.831241283124,0.484333333333333,0.183893305975891,1.1786582749249,0.6991,0.824
"25","FCC1836","12/08/2023","west",4,2600,5,"Helichrysum pilosellum",10.2,5,0.0427,0.01229,1189.366707,84.341871,0.277355,0.350607,96.7751592351505,0.145716473375365,287.822014051522,0.5294,0.9028,25.3,3.8,1,0.5966,0.1105,10.28,93.0316742081448,0.944666666666667,0.185216225276567,2.575,1.2,3.09
"26","FCD2673","12/08/2023","west",4,2600,3,"Senecio glaberrimus",15.4,5,0.0245,0.01295,774.377249,60.463096,0.28904,0.37966,59.797470965251,0.21418023317893,528.571428571429,0.4412,0.15965,41,19.5,1,0.7751,0.13562,15.902,117.254092316767,0.505,0.17497097148755,1.02906976744186,1.72,1.77
"27","FCE1581","12/05/2023","west",2,2200,4,"Eragrostis capensis",14,5,0.476,0.0178,1068.890457,104.231651,0.31962,0.406964,60.0500256741573,0.17077346304339,37.3949579831933,NA,NA,25.2,8,5,0.189,0.0336,6.321,188.125,0.164333333333333,0.177777777777778,1.97015134529148,1.4272,2.8118
"28","FCF2601","12/06/2023","west",2,2200,1,"Senecio glaberrimus",17.5,5,0.0284,0.0046,368.713926,40.99111,0.34838,0.287486,80.1552013043478,0.112219454413408,161.971830985915,1.5751,0.3839,46.7,16,1,0.9725,0.142,15.86,111.69014084507,0.756,0.146015424164524,0.82783735734358,1.7437,1.4435
"29","FCG9760","12/09/2023","west",3,2400,4,"Senecio glaberrimus",10,5,0.3908,0.00679,317.568674,23.584056,0.286003,0.267659,46.7700550810015,0.287906371999795,17.374616171955,0.0123,0.12031,35.6,20,1,0.4215,0.06366,8.964,140.810556079171,0.457,0.151032028469751,4.41904761904762,1.05,4.64
"30","FCH5965","12/08/2023","northwest",5,2800,4,"Themeda triandra",17.6,5,0.0388,0.01159,1303.539685,89.067164,0.273399,0.342912,112.471068593615,0.130126518904318,298.711340206186,NA,NA,NA,11.5,5,0.1094,0.03535,7.494,211.994342291372,0.101,0.323126142595978,1.97107438016529,2.42,4.77
"31","FCI1638","12/05/2023","west",2,2200,1,"Eragrostis capensis",13.1,5,0.0178,0.0141,1318.066891,89.878793,0.2628,0.515907,93.4799213475177,0.156877941162383,792.134831460674,NA,NA,29.4,5.8,5,0.1573,0.0471,6.012,127.643312101911,0.267666666666667,0.29942784488239,3.00890092879257,0.5168,1.555
"32","FCJ1591","12/06/2023","west",2,2200,3,"Senecio glaberrimus",13.7,5,0.0249,0.0076,475.886684,44.637035,0.309084,0.319404,62.6166689473684,0.170262204915716,305.220883534137,0.3529,0.1016,21.5,17.2,1,1.3984,0.2766,27.513,99.468546637744,0.679,0.197797482837529,1.16893649579189,0.6535,0.7639
"33","FCK8784","12/08/2023","west",4,2600,1,"Helichrysum pilosellum",8,5,0.0135,0.00865,544.592527,36.687523,0.277841,0.325014,62.9586736416185,0.235774979957082,640.740740740741,0.2652,0.05608,21.5,5.3,1,0.4502,0.09691,8.338,86.038592508513,0.905666666666667,0.21525988449578,2.74468085106383,0.94,2.58
"34","FCL0130","12/08/2023","west",4,2600,5,"Senecio glaberrimus",15.5,5,0.0345,0.01325,1163.305662,83.603139,0.28242,0.328375,87.7966537358491,0.158486872125699,384.057971014493,0.191,0.05992,29.8,13.9,1,0.714,0.10252,14.687,143.259851736247,0.573,0.143585434173669,1.10909090909091,0.55,0.61
"35","FCM1008","12/05/2023","west",2,2200,2,"Themeda triandra",14.8,5,0.0777,0.0322,1556.334871,145.213469,0.306359,0.502463,48.3333810869565,0.221742516184914,414.414414414414,NA,NA,25.8,15.5,5,0.1016,0.0353,9.166,259.660056657224,0.143666666666667,0.34744094488189,1.23811085601837,3.049,3.775
"36","FCN7125","12/06/2023","west",2,2200,4,"Senecio glaberrimus",10,4,0.0537,0.0155,772.075513,78.73045,0.326135,0.374316,49.8113234193548,0.19687427164458,288.640595903166,0.1616,0.0572,37.2,19.8,1,0.9094,0.1676,16.615,99.1348448687351,0.627666666666667,0.184297338904772,0.728243908294323,0.8331,0.6067
"37","FCO4501","12/08/2023","west",4,2600,3,"Helichrysum pilosellum",7,3,0.0146,0.00493,490.106341,27.432873,0.255907,0.248926,99.4130509127789,0.179711399531504,337.671232876712,0.6765,0.1592,21.2,5.1,1,0.7561,0.15403,14.178,92.0470038304227,0.953666666666667,0.203716439624388,1.125,1.04,1.17
"38","FCP0847","12/08/2023","west",4,2600,3,"Themeda triandra",14.8,5,0.0304,0.0105,1049.86903,74.93593,0.278884,0.364807,99.9875266666666,0.140119699588702,345.394736842105,NA,NA,22.5,21.5,4,0.1935,0.04616,8.839,191.486135181976,0.247,0.238552971576227,4.28571428571429,1.75,7.5
"39","FCQ4012","12/06/2023","west",2,2200,5,"Helichrysum pilosellum",9,5,0.0997,0.0482,966.875065,129.933781,0.360265,0.411635,20.0596486514523,0.370958188309782,483.45035105316,0.7861,0.2234,19.5,7.5,1,1.0034,0.2235,19.653,87.9328859060403,1.232,0.222742674905322,4.2786878866882,2.5699,10.9958
"40","FCR0255","12/06/2023","west",2,2200,3,"Helichrysum pilosellum",9,4,0.0088,0.0032,210.729988,21.344409,0.323119,0.588431,65.85312125,0.149922164628686,363.636363636364,0.8201,0.183,9.1,10,1,1.5822,0.2741,24.207,88.3144837650492,1.248,0.173239792693718,2.17951742627346,2.7975,6.0972
"41","FCS7407","12/08/2023","west",4,2600,4,"Helichrysum pilosellum",9,5,0.0277,0.01312,629.694274,40.605331,0.272705,0.311262,47.9949903963415,0.323110283228574,473.646209386281,0.6582,0.12652,25.2,6.4,1,0.8883,0.13588,15.074,110.936120105976,0.765666666666667,0.152966340200383,2.57668711656442,1.63,4.2
"42","FCT4052","12/08/2023","west",4,2600,2,"Themeda triandra",18,4,0.0481,0.01797,1353.774059,112.656251,0.293154,0.391498,75.3352286588759,0.159511787765776,373.596673596674,NA,NA,36.2,9.4,5,0.1821,0.06666,14.458,216.891689168917,0.116333333333333,0.366062602965404,5.72,0.5,2.86
"43","FCU3875","12/06/2023","west",2,2200,5,"Senecio glaberrimus",8,5,0.072,0.0218,1101.43895,127.17214,0.354316,0.34228,50.5247224770642,0.171421193352569,302.777777777778,0.1772,0.0488,27.4,15.6,1,0.5447,0.1179,10.442,88.5665818490246,0.742,0.216449421700018,1.22140492828246,0.5438,0.6642
"44","FCV8597","12/06/2023","west",2,2200,4,"Helichrysum pilosellum",15,5,0.0498,0.0185,1009.189064,86.689275,0.305654,0.296277,54.5507602162162,0.213405868257636,371.4859437751,0.5776,0.1581,27.5,7.5,1,0.8705,0.1887,18.178,96.3328033916269,1.09533333333333,0.216771970132108,2.78001429907056,1.8183,5.0549
"45","FCW1015","12/08/2023","west",4,2600,2,"Helichrysum pilosellum",9.8,5,0.0501,0.01431,830.649605,88.879016,0.326452,0.400891,58.0467928022362,0.161005382867875,285.62874251497,0.7454,0.14541,30.1,6.5,1,1.6296,0.19215,15.302,79.6357012750455,0.893333333333333,0.117912371134021,3.13366336633663,2.02,6.33
"46","FCX5914","12/08/2023","west",4,2600,1,"Themeda triandra",17,4,0.0296,0.01187,1095.216982,65.49297,0.255433,0.416356,92.267648020219,0.18124082630548,401.013513513514,NA,NA,17.5,9.2,5,0.1726,0.05718,13.664,238.964672962574,0.133,0.331286210892236,2.10472972972973,2.96,6.23
"47","FDB8375","12/08/2023","west",4,2600,1,"Harpochloa falx",15.5,5,0.0229,0.01028,1272.809424,67.709641,0.246384,0.385761,123.814146303502,0.151824760081064,448.908296943231,NA,NA,23.5,10,5,0.459,0.10583,11.294,106.718321836908,0.348666666666667,0.230566448801743,7.05947955390335,2.69,18.99
"48","FDF3034","12/09/2023","west",3,2400,3,"Harpochloa falx",12,4,0.0372,0.0131,651.10214,52.992536,0.293245,0.307171,49.7024534351145,0.247204625194763,352.150537634409,NA,NA,22,15,5,0.852,0.17765,26.82,150.971010413735,0.395333333333333,0.208509389671362,1.05381165919283,8.92,9.4
"49","FDJ1565","12/09/2023","west",3,2400,2,"Harpochloa falx",10,5,0.2574,0.10309,2471.003003,271.691198,0.326106,0.374342,23.9693763022602,0.379438129607717,400.50505050505,NA,NA,35.3,13.3,5,0.8073,0.12571,26.855,213.626600906849,0.336666666666667,0.155716586151369,1.43623426382047,18.27,26.24
"50","FDN1018","12/09/2023","west",3,2400,1,"Harpochloa falx",13,4,0.1848,0.06653,1398.335213,204.599001,0.35809,0.396185,21.0181153314294,0.325172653213492,360.010822510823,NA,NA,28.6,13.5,5,0.6985,0.15285,21.979,143.794569839712,0.345,0.21882605583393,0.245134309152324,62.17,15.24
"51","FDR6843","12/09/2023","west",3,2400,5,"Themeda triandra",19.6,5,0.0381,0.01659,1321.921252,85.149809,0.260498,0.389584,79.6818114526823,0.194833085297936,435.433070866142,NA,NA,23.9,20.1,5,0.2408,0.0898,19.969,222.371937639198,0.185,0.372923588039867,4.63829787234043,2.35,10.9
"52","FDV4335","12/09/2023","west",3,2400,4,"Themeda triandra",21.6,4,0.0436,0.01805,1325.862079,79.482784,0.252789,0.367308,73.4549628254848,0.22709320297588,413.990825688073,NA,NA,24.6,13.2,5,0.1258,0.04521,11.387,251.869055518691,0.127,0.359379968203498,6.48414985590778,3.47,22.5
"53","FDY4037","12/09/2023","west",3,2400,5,"Helichrysum pilosellum",8,3,0.0172,0.00573,529.354592,28.417527,0.239963,0.408044,92.3830003490402,0.201636124072302,333.139534883721,0.2983,0.06399,28.8,5.3,1,0.8981,0.17296,14.956,86.4708603145236,0.891666666666667,0.192584344727759,2.77922077922078,1.54,4.28
"54","FDZ1151","12/09/2023","west",3,2400,3,"Themeda triandra",21.5,5,0.0314,0.013,1140.441533,63.558866,0.246726,0.416505,87.7262717692308,0.204534800856894,414.012738853503,NA,NA,37.6,19.5,5,0.2419,0.08581,12.063,140.578021209649,0.276666666666667,0.354733360892931,7.49056603773585,3.18,23.82
"55","FEC6189","12/09/2023","west",3,2400,4,"Eragrostis capensis",12.5,5,0.028,0.00904,949.475283,50.716781,0.237315,0.351773,105.030451659292,0.178244750982914,322.857142857143,NA,NA,20.8,11.6,5,0.1414,0.04062,7.398,182.127031019202,0.212666666666667,0.287270155586987,8.54838709677419,0.93,7.95
"56","FED1194","12/09/2023","west",3,2400,2,"Themeda triandra",16.5,4,0.0288,0.01425,536.457227,44.263995,0.292776,0.443651,37.6461211929825,0.321932080464043,494.791666666667,NA,NA,28.5,16,5,0.174,0.06445,17.111,265.492629945694,0.13,0.370402298850575,0.854406130268199,2.61,2.23
"57","FEG8108","12/09/2023","west",3,2400,5,"Senecio glaberrimus",10,4,0.0266,0.00948,802.913315,46.825722,0.251685,0.404776,84.6954973628692,0.202452831373321,356.390977443609,0.242,0.08927,42.2,21.3,1,1.018,0.16146,17.96,111.234980800198,0.603,0.15860510805501,1.56122448979592,0.98,1.53
"58","FEH0081","12/09/2023","west",3,2400,1,"Themeda triandra",19,5,0.0237,0.0102,857.687413,64.205967,0.272998,0.458209,84.0870012745098,0.158863739253394,430.379746835443,NA,NA,31,18.9,5,0.234,0.07888,14.873,188.552231237323,0.142,0.337094017094017,0.937262357414449,5.26,4.93
"59","FEL2208","12/08/2023","west",4,2600,3,"Eragrostis capensis",17.2,5,0.026,0.01002,961.957474,56.500935,0.256532,0.369039,96.0037399201597,0.177342197965396,385.384615384615,NA,NA,26.2,9.5,5,0.1797,0.05629,10.299,182.963226150293,0.175666666666667,0.313244296048971,10.3252032520325,1.23,12.7
"60","FEO1874","12/09/2023","west",3,2400,1,"Helichrysum pilosellum",9,3,0.0229,0.00867,556.002374,35.802203,0.263661,0.438847,64.1294549019608,0.242163869078112,378.602620087336,0.7407,0.13608,13.5,4.2,1,0.8182,0.15648,14.659,93.6797034764826,0.923,0.191249083353703,1.28571428571429,0.91,1.17
"61","FEP9413","12/08/2023","west",4,2600,4,"Themeda triandra",21.2,5,0.024,0.01014,949.364572,64.238945,0.274748,0.412908,93.6256974358974,0.157848171385754,422.5,NA,NA,17.2,14.6,5,0.1739,0.05042,10.053,199.385164617215,0.181333333333333,0.289936745255894,11.52,2.25,25.92
"62","FES3675","12/09/2023","west",3,2400,5,"Harpochloa falx",8,5,0.0656,0.01492,983.009831,85.287418,0.298348,0.42319,65.8853774128686,0.174937878879157,227.439024390244,NA,NA,41.2,14.4,5,0.9684,0.22844,30.487,133.457362983716,0.406,0.235894258570838,1.29219143576826,3.97,5.13
"63","FET3274","12/08/2023","northwest",5,2800,5,"Themeda triandra",18,5,0.0191,0.01004,1137.416052,66.006879,0.252849,0.390358,113.288451394422,0.152105358594519,525.65445026178,NA,NA,NA,12,5,0.1717,0.05594,12.585,224.973185555953,0.144666666666667,0.325800815375655,5.78614457831325,3.32,19.21
"64","FEU2975","12/09/2023","west",3,2400,3,"Helichrysum pilosellum",8,3,0.0293,0.01072,347.932337,32.740988,0.30989,0.22993,32.4563747201493,0.327418341804468,365.870307167236,0.5238,0.09544,33.5,6.9,1,0.4367,0.08267,9.015,109.048022257167,0.793666666666667,0.189306159835127,1.8125,0.8,1.45
"65","FEV1588","12/08/2023","west",4,2600,2,"Harpochloa falx",20,5,0.0223,0.00913,768.040441,62.105082,0.294943,0.386698,84.1227208105148,0.147008903393767,409.417040358744,NA,NA,17.7,7.5,5,0.5792,0.14626,18.153,124.114590455353,0.342,0.252520718232044,5.47368421052632,1.33,7.28
"66","FEY3832","12/08/2023","west",4,2600,1,"Eragrostis capensis",11,4,0.0298,0.01063,932.442329,60.220092,0.26147,0.33675,87.7179989651928,0.176519159087303,356.711409395973,NA,NA,19.4,7.5,4,0.1059,0.03243,6.192,190.934320074006,0.166666666666667,0.306232294617564,6.98,0.5,3.49
"67","FEZ5712","12/08/2023","west",4,2600,4,"Harpochloa falx",19.6,5,0.0153,0.00378,277.937234,21.533563,0.29742,0.237464,73.5283687830688,0.175539923420941,247.058823529412,NA,NA,24,9.7,4,0.496,0.12884,13.364,103.725551071096,0.339,0.259758064516129,5.97087378640777,1.03,6.15
"68","FFC7215","12/08/2023","northwest",5,2800,3,"Themeda triandra",19.2,5,0.0282,0.01083,900.798092,81.179114,0.306958,0.424068,83.1761857802401,0.133408699188316,384.042553191489,NA,NA,NA,15.2,5,0.1293,0.0405,9.295,229.506172839506,0.0956666666666667,0.31322505800464,2.18349429323968,11.39,24.87
"69","FFD9944","12/08/2023","west",4,2600,5,"Harpochloa falx",15,4,0.0428,0.01071,1548.360432,90.526024,0.24857,0.501821,144.571468907563,0.118308520873511,250.233644859813,NA,NA,22,6.8,5,0.3042,0.06996,11.461,163.822184105203,0.311,0.229980276134122,12.609375,0.64,8.07
"70","FFG0527","12/13/2023","west",2,2200,5,"Harpochloa falx",12.5,5,0.0334,0.01338,1092.792162,54.461143,0.235171,0.360544,81.6735547085202,0.245679750055925,400.59880239521,NA,NA,37,20,5,0.4812,0.12929,14.509,112.220589372728,0.332333333333333,0.268682460515378,4.39044943820225,3.56,15.63
"71","FFH9263","12/08/2023","northwest",5,2800,1,"Themeda triandra",20.4,5,0.122,0.03174,1908.682086,203.127241,0.339084,0.251482,60.134911342155,0.156256737617974,260.16393442623,NA,NA,NA,13.2,5,0.1446,0.04532,10.794,238.172992056487,0.139333333333333,0.313416320885201,7.06185567010309,4.85,34.25
"72","FFK2932","12/13/2023","west",2,2200,1,"Harpochloa falx",13,5,0.0648,0.0358,1170.683785,95.515827,0.292101,0.280178,32.7006643854749,0.37480699402833,552.469135802469,NA,NA,45,13.5,5,0.411,0.10698,11.601,108.440830061694,0.354333333333333,0.26029197080292,1.43093922651934,1.81,2.59
"73","FFL3841","12/13/2023","west",2,2200,2,"Harpochloa falx",14,5,0.043,0.01903,1195.081581,69.985116,0.255678,0.326338,62.7998728849185,0.271914959746584,442.558139534884,NA,NA,46.5,32.5,5,0.8081,0.19192,22.476,117.111296373489,0.335666666666667,0.237495359485212,1.48621190130624,6.89,10.24
"74","FFP1160","12/08/2023","northwest",5,2800,4,"Harpochloa falx",17,5,0.0572,0.01827,1522.145274,127.253429,0.292568,0.406006,83.3139175697865,0.143571769684886,319.405594405594,NA,NA,21.6,7.1,5,0.4485,0.10985,13.789,125.525716886664,0.327333333333333,0.244927536231884,0.615661566156616,11.11,6.84
"75","FFS2715","12/13/2023","west",2,2200,4,"Harpochloa falx",13,5,0.0514,0.03064,1555.530183,97.701284,0.261556,0.346506,50.7679563642298,0.313608979796008,596.108949416342,NA,NA,31,11,5,0.6533,0.15607,18.569,118.97866342026,0.338666666666667,0.23889484157355,3.06259097525473,6.87,21.04
"76","FFT9800","12/09/2023","west",3,2400,2,"Senecio glaberrimus",8,4,0.0315,0.00464,529.047382,46.559796,0.314897,0.283528,114.018832327586,0.0996567940289086,147.301587301587,0.2278,0.08481,38.9,21.5,1,0.6912,0.11621,12.847,110.549866620773,0.548666666666667,0.168127893518519,1.75,0.68,1.19
"77","FFU7165","12/09/2023","west",3,2400,1,"Senecio glaberrimus",15,5,0.0742,0.00934,965.296483,128.564625,0.375633,0.447531,103.35080117773,0.0726482887497241,125.876010781671,0.3228,0.06723,37,22.2,1,1.0568,0.1702,18.747,110.146886016451,0.733333333333333,0.161052233156699,2.01123595505618,0.89,1.79
"78","FFW6775","12/13/2023","west",2,2200,3,"Harpochloa falx",12,5,0.0465,0.01905,1177.021662,66.595081,0.252332,0.286316,61.785914015748,0.286057163891729,409.677419354839,NA,NA,44.3,23,5,0.686,0.18022,17.963,99.6726223504606,0.354,0.262711370262391,1.2735674676525,5.41,6.89
"79","FFX9242","12/08/2023","northwest",5,2800,3,"Harpochloa falx",23,5,0.0747,0.02463,1685.012395,166.889415,0.319616,0.368543,68.4130083231831,0.147582757120935,329.718875502008,NA,NA,18.6,10.8,5,0.4311,0.10177,15.554,152.834823621892,0.361,0.236070517281373,2.03870967741935,6.2,12.64
"80","FFY6725","12/08/2023","west",4,2600,4,"Eragrostis capensis",16,5,0.0801,0.02,2294.106374,136.758801,0.252074,0.420207,114.7053187,0.1462428732466,249.687890137328,NA,NA,30.2,10,5,0.235,0.08155,13.813,169.380748007357,0.179333333333333,0.347021276595745,7.30246913580247,1.62,11.83
"81","FGA6390","12/09/2023","west",3,2400,3,"Eragrostis capensis",13,5,0.1072,0.03386,1569.506216,216.528368,0.357461,0.523094,46.3528120496161,0.156376738589745,315.858208955224,NA,NA,27.7,9.9,5,0.1708,0.05967,11.079,185.671191553545,0.168666666666667,0.349355971896955,6.01570680628272,1.91,11.49
"82","FGB1616","12/09/2023","west",3,2400,5,"Eragrostis capensis",14,5,0.0508,0.0168,622.612484,74.495702,0.326287,0.430444,37.0602669047619,0.225516366031426,330.708661417323,NA,NA,25.1,13.6,5,0.1497,0.04887,8.502,173.971761817066,0.181666666666667,0.326452905811623,17.6785714285714,0.28,4.95
"83","FGC0245","12/09/2023","west",3,2400,4,"Helichrysum pilosellum",9.5,5,0.0375,0.01344,994.078895,71.329736,0.272763,0.501972,73.9642034970238,0.18842071699242,358.4,0.789,0.12903,30.4,4.7,1,0.6843,0.12099,11.784,97.3964790478552,0.864,0.176808417360807,7.44318181818182,0.88,6.55
"84","FGE4515","12/09/2023","west",3,2400,1,"Eragrostis capensis",14,5,0.0427,0.01717,860.967233,78.317388,0.303046,0.372836,50.1436944088526,0.219236116505826,402.107728337237,NA,NA,30.5,9.4,5,0.1902,0.06281,9.654,153.701639866263,0.191666666666667,0.330231335436383,2.96629213483146,0.89,2.64
"85","FGF3594","12/08/2023","northwest",5,2800,5,"Harpochloa falx",15.6,5,0.0417,0.01555,1196.854258,82.905509,0.275563,0.391025,76.9681194855306,0.187562927814604,372.901678657074,NA,NA,23,10.4,5,0.5815,0.14747,19.906,134.983386451482,0.319333333333333,0.253602751504729,0.333333333333333,8.88,2.96
"86","FGG8281","12/08/2023","west",4,2600,5,"Eragrostis capensis",17,5,0.0752,0.02498,1706.601931,134.684547,0.282291,0.358021,68.3187322257806,0.18547042371535,332.18085106383,NA,NA,13,17,5,0.1677,0.05813,9.824,169.000516084638,0.155,0.346630888491354,3.56746031746032,2.52,8.99
"87","FGI9956","12/09/2023","west",3,2400,4,"Harpochloa falx",12,5,0.0812,0.03149,1176.831269,121.855568,0.319302,0.237927,37.3715868212131,0.258420690304443,387.807881773399,NA,NA,18.5,16,5,0.6889,0.15852,21.095,133.074690890739,0.374,0.230105966032806,0.827493261455526,11.13,9.21
"88","FGJ9233","12/09/2023","west",3,2400,2,"Eragrostis capensis",11,5,0.0449,0.01387,2066.733494,103.190068,0.232929,0.438857,149.007461715934,0.134412160674223,308.90868596882,NA,NA,20.1,6.9,5,0.1831,0.06427,10.8,168.04107670764,0.187,0.351010376843255,1.79850746268657,1.34,2.41
"89","FGK3505","12/08/2023","west",4,2600,3,"Harpochloa falx",11.2,5,0.0683,0.03345,1634.273812,140.464301,0.300633,0.49135,48.8572141106129,0.238138799409253,489.751098096633,NA,NA,22.5,10.1,5,0.5442,0.13154,18.328,139.334042876692,0.394333333333333,0.241712605659684,2.26548672566372,1.13,2.56
"90","FGM0803","12/08/2023","northwest",5,2800,1,"Harpochloa falx",14.2,5,0.0572,0.02152,1185.570983,80.235187,0.268667,0.352573,55.091588429368,0.268211501769168,376.223776223776,NA,NA,19.5,11,5,0.547,0.14015,16.866,120.342490189083,0.328,0.256215722120658,3.63100436681223,4.58,16.63
"91","FGN0784","12/08/2023","northwest",5,2800,2,"Harpochloa falx",21.1,5,0.0298,0.01037,1029.429507,69.112244,0.268579,0.305995,99.269962102218,0.150045771918504,347.986577181208,NA,NA,17,8.1,5,0.4848,0.12216,17.529,143.492141453831,0.284,0.251980198019802,4.92148760330579,2.42,11.91
"92","FGO9191","12/08/2023","west",4,2600,2,"Eragrostis capensis",15.4,4,0.0515,0.0144,1098.931528,114.766749,0.324198,0.450438,76.3146894444445,0.12547188210411,279.611650485437,NA,NA,10,6,5,0.8,0.02,5.339,266.95,0.161333333333333,0.025,2.15,0.4,0.86
