traits,source,vcov,sdcor,total_var,proportion
leaf_thickness,Growth form,0.13629508601001405,0.36918164365257117,0.16894284212820282,80.67526525130084
leaf_thickness,Species,0.023291661133620353,0.15261605791534635,0.16894284212820282,13.786710842679797
leaf_thickness,ITV_between,0.00461987335427304,0.06796965024386281,0.16894284212820282,2.734577740066214
leaf_thickness,ITV_within,0.004736221630295358,0.06882021236740961,0.16894284212820282,2.803446165953134
ldmc,Growth form,0.006042259044062974,0.07773196925373095,0.009958460991312678,60.674626825711066
ldmc,Species,0.001828858708731367,0.042765157648854364,0.009958460991312678,18.36487294901072
ldmc,ITV_between,1.7551907142757928e-4,0.013248361084586246,0.009958460991312678,1.762512014463825
ldmc,ITV_within,0.0019118241670907584,0.043724411569405465,0.009958460991312678,19.197988210814394
sla,Growth form,2106.612006163767,45.89784315372311,4115.799267672018,51.18354587188871
sla,Species,1379.287059730206,37.138754148869964,4115.799267672018,33.51200994091142
sla,ITV_between,57.853907019120626,7.606175584294688,4115.799267672018,1.40565424250741
sla,ITV_within,572.0462947589238,23.91748930717695,4115.799267672018,13.898789944692446
bi,Growth form,3.1619730865165657e-12,1.7781937708013055e-6,0.006572715156925125,4.810756302416448e-8
bi,Species,4.54817524463944e-4,0.021326451286230064,0.006572715156925125,6.919781454164198
bi,ITV_between,0,0,0.006572715156925125,0
bi,ITV_within,0.006117897629299207,0.07821699066890267,0.006572715156925125,93.08021849772823
rd,Growth form,0,0,0.0011529186601940361,0
rd,Species,0,0,0.0011529186601940361,0
rd,ITV_between,5.587669649188973e-5,0.007475071671354712,0.0011529186601940361,4.8465428153002295
rd,ITV_within,0.0010970419637021463,0.03312162380835436,0.0011529186601940361,95.15345718469976
rdmc,Growth form,951.3956589279791,30.844702283017405,13148.75720211173,7.235631811462623
rdmc,Species,384.2623567205361,19.60261096692316,13148.75720211173,2.9224233957169914
rdmc,ITV_between,1975.3580151201515,44.4449998888531,13148.75720211173,15.023153783711992
rdmc,ITV_within,9837.741171343063,99.18538789228514,13148.75720211173,74.81879100910838
rtd,Growth form,0,0,0.0043026816079050284,0
rtd,Species,5.1844897557160194e-5,0.007200340100103619,0.0043026816079050284,1.2049438531986434
rtd,ITV_between,0.0012361628849410662,0.03515910813631464,0.0043026816079050284,28.73005715017228
rtd,ITV_within,0.003014673825406802,0.05490604543587894,0.0043026816079050284,70.06499899662909
srl,Growth form,0,0,967.9354531354369,0
srl,Species,1.5780651819623349e-6,0.0012562106439456462,967.9354531354369,1.6303413382064915e-7
srl,ITV_between,68.37830236844944,8.269117387511768,967.9354531354369,7.064345266717047
srl,ITV_within,899.5571491889223,29.992618244976917,967.9354531354369,92.93565457024881
veg_height,Growth form,0,0,36.83678966176138,0
veg_height,Species,16.658150196292514,4.081439721016656,36.83678966176138,45.22150369032998
veg_height,ITV_between,7.454797409271112,2.730347488740419,36.83678966176138,20.23736997094946
veg_height,ITV_within,12.723842056197753,3.5670494888910294,36.83678966176138,34.54112633872056
reproductive_height,Growth form,4.840513696990534e-9,6.957380036328714e-5,78.34048972570184,6.178814702255384e-9
reproductive_height,Species,10.565344194675706,3.2504375389592868,78.34048972570184,13.486441342999983
reproductive_height,ITV_between,27.032202728901613,5.199250208337892,78.34048972570184,34.50604256311271
reproductive_height,ITV_within,40.74294279728401,6.383019880690018,78.34048972570184,52.007516087708495
root_depth,Growth form,1.1818412855823446,1.087125239143285,20.355869975988533,5.805899168035688
root_depth,Species,3.697427299723182,1.9228695482853697,20.355869975988533,18.163936516025156
root_depth,ITV_between,6.456996247796261,2.541062031473506,20.355869975988533,31.72056146660808
root_depth,ITV_within,9.019605142886745,3.003265746297977,20.355869975988533,44.30960284933108
bgb_agb,Growth form,1.3382049252354298,1.1568080762319348,11.043255262701209,12.117848346358892
bgb_agb,Species,1.1849333798089152,1.0885464527565718,11.043255262701209,10.72992837366577
bgb_agb,ITV_between,0.8840594304631233,0.9402443461479166,11.043255262701209,8.005424210821694
bgb_agb,ITV_within,7.636057527193739,2.7633417318879943,11.043255262701209,69.14679906915364
