trait_group,source_general,source,mean_prop,min_prop,max_prop
Leaf,ITV,ITV_between,1.9675813323458162,1.4056542425074103,2.734577740066214
Leaf,ITV,ITV_within,11.96674144048666,2.803446165953134,19.197988210814394
Leaf,Species,Species,21.887864577533982,13.786710842679797,33.512009940911426
Leaf,Growth form,Growth form,64.17781264963355,51.18354587188871,80.67526525130087
Roots,Growth form,Growth form,1.4471263719140373,0,7.235631811462623
Roots,Species,Species,2.2094297732227934,0,6.919781454164199
Roots,ITV,ITV_between,11.132819803180311,0,28.730057150172282
Roots,ITV,ITV_within,85.21062405168286,70.06499899662909,95.15345718469976
Plant size,Growth form,Growth form,5.974582504798194,0,12.117848346358894
Plant size,ITV,ITV_between,19.987785216126408,8.005424210821694,31.72056146660807
Plant size,Species,Species,24.70512286000697,10.72992837366577,45.22150369032998
Plant size,ITV,ITV_within,49.33250941906843,34.54112633872056,69.14679906915364
