trait_group,source_general,mean_prop,min_prop,max_prop
Leaf,ITV,6.967161386416238,1.4056542425074103,19.197988210814394
Leaf,Species,21.887864577533982,13.786710842679797,33.512009940911426
Leaf,Growth form,64.17781264963355,51.18354587188871,80.67526525130087
Roots,Growth form,1.4471263719140373,0,7.235631811462623
Roots,Species,2.2094297732227934,0,6.919781454164199
Roots,ITV,48.171721927431584,0,95.15345718469976
Plant size,Growth form,5.974582504798194,0,12.117848346358894
Plant size,Species,24.70512286000697,10.72992837366577,45.22150369032998
Plant size,ITV,34.66014731759742,8.005424210821694,69.14679906915364
