traits,type,estimate,f_value,p_value,ar2,w_shapiro,s_white,p_white,p_bp
bi~ldmc,poly,-0.8085493018410261,4.195814029630428,0.01814023655749805,0.06562810568657584,0.9904958893785607,3.2193029508346607,0.5218188419941605,0.19339333567505615
bi~rtd,linear,-0.2805655327336538,4.9005161179276655,0.02937614175454691,0.041101105425819906,0.9937957780619168,2.350937458427515,0.3086742611300349,0.18813352526597302
bi~sla,linear,3.1949431249371843e-4,4.15349868862707,0.04448397048522503,0.033493165230704225,0.9939082293080314,3.6832552585400613,0.15855914046925046,0.105956026817004
ldmc~bi,linear,0.2203455676119468,4.5632036678734895,0.03538022510099433,0.03768065727117531,0.9723949745592525,6.831875851458136,0.03284558553003312,0.012151936960309242
ldmc~leaf_thickness,poly,-0.6309141179812716,84.22200045915113,2.9680537203500518e-21,0.6465250707905285,0.7794624711322313,2.791287201971652,0.5933376320879139,0.10384222912859115
ldmc~rdmc,poly,5.421014886477712e-4,6.427660847081509,0.002469332336598783,0.10657589130941891,0.9720202715659104,2.9066991008925767,0.5735585265125427,0.21283102681307736
ldmc~sla,poly,0.0024192088352004704,31.301500566762304,5.085788021851531e-11,0.39974803058251085,0.9047723610684442,21.369477625684898,2.6748282549483794e-4,0.019632432261565996
leaf_thickness~bi,poly,-6.273752481613883,4.103237081711425,0.019743279914310356,0.0638483621264625,0.9172849483580807,6.568536721806224,0.16052291601754784,0.8608518259364405
leaf_thickness~ldmc,poly,1.1945027655426372,40.71212171326839,2.7842557297993263e-13,0.4660384099682007,0.9172376310784582,8.484423904098023,0.0753607712517914,0.06367148758419634
leaf_thickness~sla,poly,-0.020211661149680482,133.8951824677524,1.4637656555575482e-27,0.7449482695070826,0.972694741520731,16.9671821273297,0.001961534870626331,3.834749034057581e-5
rdmc~ldmc,exp,1.8740692294541361,9.810483855265923,0.002341390261859548,0.08827212848744337,0.7040996542871756,3.0549643199301073,0.21708155643051322,0.08554563037896469
rdmc~rtd,exp,1.5936121515497916,4.373213357420061,0.03932619722411414,0.03574333476009428,0.6215726453663878,0.4700211670314247,0.7905624826540029,0.4966725489569739
rd~rtd,poly,-0.9147480751497312,5.856623026648343,0.00407851319980481,0.09644457341943391,0.9901116477353008,10.649702042498717,0.030796182519209167,0.11292134847328725
rd~srl,poly,-0.0011467406784679418,30.077286497751302,1.0496095935108487e-10,0.38989466985538634,0.9318979783116678,1.3358821250176995,0.8552588618903086,0.5221685174185082
rtd~bi,linear,-0.18405131739637426,4.9005161179275945,0.029376141754548044,0.04110110542581913,0.9496115706952227,0.994660861747299,0.6081519984109677,0.7491583002810743
rtd~rdmc,linear,2.0771813901906532e-4,13.118083218448431,4.833604907473491e-4,0.1175165678048643,0.9501414900272764,14.985879269958804,5.570031654720712e-4,0.1427439048091618
rtd~srl,poly,-0.0039060139364534424,76.73769324133335,4.2672139249878336e-20,0.6247041758751661,0.9873838973718647,5.352094817453724,0.2530395932366693,0.06863861605712318
sla~ldmc,exp,2.696241429723443,61.228551285065464,9.346683451184537e-12,0.3982617751295837,0.9164725583107093,36.435555644067314,1.2249535463352876e-8,0.0035804150628104183
sla~leaf_thickness,exp,-0.9228462661470189,199.82057872796017,1.4039564442053447e-24,0.6860126344395403,0.9826010685045948,6.597406728152309,0.03693102245966685,0.17450425769682187
srl~rd,exp,-8.160784283253633,61.76051704694805,7.961078398130176e-12,0.40037104662836254,0.9777050807189831,30.383455746004913,2.5253199762245666e-7,1.461937372901235e-4
srl~rtd,exp,-5.350834908942602,164.43189360286144,5.082191739498469e-22,0.6423404365254601,0.9873148411542436,2.2917534427485244,0.31794504634403226,0.30391797933077674
