aspect,elevation_m_asl,site_id,plot_id,longitude,latitude
east,2000,1,1,28.88308003,-28.66102003
east,2000,1,5,28.88308296,-28.66089203
west,2000,1,1,28.88263998,-28.66247102
west,2000,1,5,28.88277099,-28.66239801
east,2200,2,1,28.89512901,-28.679927
east,2200,2,5,28.89510596,-28.67980203
west,2200,2,1,28.89387399,-28.68038499
west,2200,2,5,28.89389,-28.68025297
east,2400,3,1,28.89683104,-28.71917199
east,2400,3,5,28.89677798,-28.719058
west,2400,3,1,28.89568004,-28.71877301
west,2400,3,5,28.89562304,-28.71863304
east,2600,4,1,28.89262198,-28.728377
east,2600,4,5,28.89271804,-28.72826996
west,2600,4,1,28.89249902,-28.72828497
west,2600,4,5,28.89243398,-28.72816301
east,2800,5,1,28.89437397,-28.73781703
east,2800,5,4,28.89439501,-28.73773104
east,2800,5,5,28.89438001,-28.73769097
west,2800,5,1,28.892625,-28.73771704
west,2800,5,5,28.89251998,-28.73776599
east,3000,6,NA,28.86674998,-28.75488888